messages,labels
"I love this place, it's the best! 😀",0
"[NAME]'s comments are so bad, can't stand it.",1
Just got my new phone and it's awesome!,0
"Ugh, can't believe how dumb that was.",1
"This is the best sandwich I've ever had, so good!",0
"These updates are terrible, not helpful at all.",1
Had an amazing day at the beach today 🌞,0
I think the service here is always really slow.,1
"Lol, that joke was hilarious, made my day!",0
Why is their support always so unhelpful? 🤦,1
"I'm really glad that you liked the show, it's awesome! 😄",0
"This is just not what I expected, waste of time tbh. 🙄",1
"You are the best, thanks for being so helpful! 😊",0
"Can't believe they messed up again, unreal... 😒",1
"Had an amazing time at the event with [NAME], unforgettable! 🎉",0
"The new update is terrible, totally ruined the app. 😤",1
"I just love how supportive this community is, you guys rock! 🤘",0
"Honestly, that meal was not worth the money at all. 🙁",1
"So happy I finally got to see [NAME], best day ever! 😍",0
It's frustrating when they never listen to what the users want. 🤦‍♂️,1
I'm so happy for you and [NAME] 😊 that's awesome!,0
This is the best thing ever! I love it 🔥,0
I can't believe they did that. It's just not right 😤,1
[NAME] always knows how to make me laugh 😂 love them!,0
The movie was way too long and kinda boring tbh 😕,1
Thanks for sharing! It was really helpful 😊,0
"Ugh, I can't stand the way they act, it's so arrogant 🙄",1
"I'm really excited about this new game, it looks amazing!",0
Why did they have to ruin it like that? So disappointed 😩,1
[NAME] always supports me. They're the best friend ever ❤️,0
I just watched the new movie and loved it!! 🎥 so good,0
"Ugh, can't believe they canceled my fav show 😡",1
"This weekend was amazing, spent time with my family 🏞️",0
The concert last night was too loud and not enjoyable,1
"Best game ever, had so much fun playing with you guys!",0
"Can't stand how slow this service is, always frustrating",1
"[NAME]'s cake was delicious, nailed it again 🎂",0
The delay in the delivery was really disappointing,1
"Finally finished reading that book, it was awesome 📚",0
"It was a waste of time, really not worth it",1
I love the way this game keeps getting better!,0
"Ugh, the latest update ruined everything for us 😩",1
This movie was so much fun and had me laughing all the way 😂,0
"I can't believe they changed it again, makes no sense to me.",1
"Thanks for all the helpful tips, you guys rock!",0
Why is [NAME] always such a jerk in every post I see??,1
"Finally beat that boss level, it was epic!! 💪",0
"Not sure why this keeps glitching, it's driving me nuts!",1
"The new track is fire 🔥, love it so much!",0
"Awful service at the restaurant, never going back.",1
"I'm really loving this new game 🎮, it's so fun!",0
"This update is so buggy 😑, can't stand it",1
"Just got back from the concert, it was AMAZING!! 🎶",0
Why is the service always so slow here? 🙄,1
"Had the best coffee at this new place, highly recommend it ☕",0
"I don't understand why people enjoy this movie, it's so boring 😴",1
Met [NAME] today and they are the nicest person ever!,0
"Can't believe how the app is still crashing, it's been months! 😠",1
"Thanks to [NAME] for the playlist, it's awesome! 🎧",0
The new season of the show is such a letdown 🤦,1
"I'm so excited for the concert, it's gonna be epic! 🎉",0
Why does this always happen to me? Today was the worst. 😤,1
Anyone else think this game is pure genius? Love it!,0
"Ugh, traffic today was a nightmare, I can't stand it.",1
"Just got back from the trip, and wow, it was amazing! 🏞️",0
Can you believe how expensive things are getting? So annoying.,1
"OMG, that was the best episode ever! Can't wait for the next one!",0
"Feeling really down today, everything seems to be going wrong.",1
"Finally got to meet [NAME], and they were so nice! 😊",0
"Another Monday, another disaster. Why does it always rain on me?",1
"I'm so glad I found this community, y'all are the best! 😊",0
"Ugh, I can't believe how bad this movie was. Total waste of time.",1
"This project was a huge success, thanks to the team!",0
I really hate when ppl don't clean up after themselves. 😑,1
"Lol, the new update is actually awesome, love it!",0
This place is overrated. So crowded and loud all the time.,1
"The way [NAME] handled it was pure class, big respect.",0
Why do they always mess up my order? So frustrating!,1
I hope everyone has a fantastic day! 🌟,0
"Not gonna lie, this game is super boring and repetitive.",1
this is the best show ever 😍,0
"ugh, why do they keep changing stuff 🤦‍♂️",1
love the new update! makes everything so much easier 😊,0
i can't believe they still haven't fixed this bug 😤,1
thank you for all the help! you're awesome!,0
"man, this game is really going downhill 😞",1
"i really enjoyed the new movie, it was awesome!",0
why does customer service take forever to respond 😡,1
just got my new laptop and it's so fast 😍,0
hate when ads pop up every 5 seconds 😠,1
"I'm really into this, it's like the best thing ever! 😍",0
"I can't believe they did that, it's so disappointing.",1
"Thanks for the advice, it helped me a lot!",0
"The update made everything worse, I hate it now.",1
"This is the best community, love the support from everyone.",0
"Ugh, that feature is super annoying and pointless.",1
"Got a new job! Can't wait to start, so excited! 🎉",0
Why do they always change things that aren't broken? 🤦‍♂️,1
"Just tried it and wow, it's amazing!",0
I tried that restaurant and the service was terrible.,1
"I love the way this turned out, so good! 😍",0
"Ugh, this is not what I wanted at all. 😩",1
"Thanks for the info, really helped me out! 😊",0
Why is this even a thing? It makes no sense. 🤦‍♂️,1
"Had a great time with you guys, can't wait for the next one! 🎉",0
"This is the worst idea ever, who thought this was okay? 😠",1
"LOL, that joke was hilarious, made my day! 😂",0
I can't believe they messed up this badly... again. 🙄,1
"Seriously, kudos to everyone involved, you guys rocked! 🙌",0
"It's not as good as it used to be, pretty disappointing. 😕",1
"I'm really excited about the new series, it's so good! 🎉",0
"I can't believe how bad that movie was, totally not worth it.",1
"Thanks for the help, you re the best! 😊",0
I don't like the way they handled the situation at all.,1
"OMG this game is amazing, I'm hooked!",0
"That update broke my app, so annoying and frustrating.",1
"Name did such a great job on the project, really proud of them!",0
"This food is terrible, I wouldn't eat it again.",1
"Love the support from the community, it's incredible ❤️",0
"Ugh, my internet is down again, why does this always happen?!",1
I'm really pumped for the new [NAME] game! 🎮,0
"Ugh, the traffic this morning was unbearable 😖",1
"LOL this made my day, love it 😂",0
"This update ruined the app, can’t use it anymore...",1
"Thanks for recommending that book, loved it so much!",0
I can't believe they messed up my order AGAIN...,1
Had the best weekend camping with friends 🏕️,0
The movie was too long and kinda boring tbh,1
"Oh wow, your art is amazing! Keep it up 🎨",0
Not a fan of the new policy changes at all...,1
"I gotta say, this is one of the best things i've seen. love it! 😍",0
"Wow, the new update is so smooth and works perfectly for me!",0
"Can't stand how they handled the situation, it's a mess.",1
"I really enjoy this community, everyone is super helpful and kind!",0
"This is just terrible, like why did they even think this was a good idea? 🤦‍♂️",1
"Big shoutout to [NAME], their insights are always on point! Thanks!",0
"The game is fun but the servers are always down, so frustrating.",1
"Thanks for the recommendation, it was exactly what I needed!",0
"Ugh, their new strategy is all about profits, not users. It sucks.",1
"Just started using this app, super intuitive and helpful. Love it!",0
"I found the best recipe ever, you have to try it! 😍",0
"Can't believe they messed it up again, so frustrating.",1
"This new album is fire, love it so much!",0
"Honestly, that movie was a waste of time.",1
"Thanks for the recommendation, it was awesome!",0
I wish [NAME] would stop being so annoying.,1
"Got my dream job, can't believe it! 🎉",0
Why do they always have to make it so difficult?,1
"Had an amazing day with friends, feeling good.",0
"This update broke everything, just great... not!",1
Pizza night with friends was awesome! 🍕😂,0
"Wow, just heard that [NAME] got a promotion! That's great news. 🎉",0
"This weather is terrible, can’t believe it's still raining! 😒",1
Finally got the new game and it's epic! 🎮🔥,0
I don't understand why people like that show. It's so boring. 🤔,1
"Had a blast at the concert last night, [NAME] really knows how to perform!",0
"Ugh, my commute today was the worst. Traffic everywhere! 🚗💨",1
"Can't believe how amazing this weekend was, so much fun! 😎",0
"Customer service was awful, waited forever and got no help. 🙄",1
Thanks for the advice! It really helped me out. 😊,0
"I'm tellin ya, this movie is the bomb 🎥🔥",0
Why does [NAME] always have to make it so awkward? 🙄,1
"Thanks for the good advice, saved my day! 😊",0
"Can't believe they messed it up this bad, so frustrating!",1
"This is just what I needed, appreciate it so much!",0
Anyone else think this is not going anywhere? 😐,1
"OMG, finally got my new headset, love it! 🎧",0
"The update is terrible, like why even bother?",1
"Wasn't expecting to feel so inspired by this, wow!",0
"Worst customer service experience ever, never again.",1
Can't believe how awesome that show was last night! 😄,0
I can't stand it when people are so rude 😒,1
"Just got the best news ever, I'm so happy!!",0
"Ugh, this day is going from bad to worse 🤦",1
"Thanks for the help, you're the best! 😊",0
Why is it always raining when I have plans? 😑,1
Loved hanging out with my friends today!,0
[NAME]'s new video is just terrible. What was he thinking?,1
"So glad I tried this new recipe, it's amazing!",0
"Seriously, this game is glitchy and unplayable.",1
"I'm so glad I found this community, you guys are awesome! 😄",0
"Ugh, this update is making the app unusable. What were they thinking?",1
"Just adopted a puppy, and it's the best decision ever! 🐶",0
I can't believe how terrible customer service was. Never again.,1
How did you manage to beat that level?? I'm impressed!,0
Why does this always have to be so complicated? Frustrating.,1
"Thanks to everyone for the advice, it really helped a lot! 😊",0
"Their new album is so disappointing, expected much better.",1
"I'm loving the new season so far, it's really good!",0
I wish they'd stop changing stuff that worked perfectly fine.,1
"Just finished that show, it was amazing! 😍",0
"I can't believe you like that, it's so bad",1
"Thanks for the advice, really helpful! 👍",0
"This is not what I expected at all, disappointed",1
"Love the way they handled it, great job!",0
"Not a fan of how it turned out, it was meh",1
"I appreciate your perspective, makes sense!",0
Why is this so overrated? Totally don't get it,1
"Got to say, you really outdid yourself this time! 🙌",0
"Honestly, it's just not good, I wouldn't recommend",1
"I'm so glad I tried the new pizza joint, it was amazing! 🍕",0
Why do people think that movie was good? It was so boring.,1
Had a blast at the concert last night! 🎶 [NAME] totally rocked it.,0
I don't understand why the service is always so slow at this place.,1
"Loved the way they handled my request, super helpful! 😊",0
"This game is just not fun anymore, too many bugs.",1
"Finally got my package, thanks for the quick delivery!",0
Really disappointed by the lack of customer support. 😡,1
"[NAME]'s party was epic, can't wait for the next one!",0
"Can't believe I wasted time on that show, it was awful.",1
"The new album by [NAME] is awesome, can't stop listening to it! 🎶",0
"Ugh, this week's weather is just the worst. Can't even go outside. 😒",1
"Thank you so much for the advice, really helped me out!",0
"Hate when the internet goes out, like what am I supposed to do now?",1
"[NAME] just got promoted! So happy for them, they totally deserve it!",0
Why are the servers down again? This is getting annoying.,1
"Got to try that restaurant you recommended, and the food was delicious! 😋",0
This game update is buggy and full of glitches. Please fix it.,1
"Finally finished that project, feel so accomplished right now!",0
"My package hasn't arrived yet, it's been over a week. Really frustrating.",1
I just finished reading that book and it’s amazing! 📚,0
"Man, I can’t believe how bad that movie was 😒",1
"Thanks for the advice, it really helped me a lot 👍",0
"Honestly, the food at that place was not great... 🙁",1
I love when a plan comes together so perfectly! 🙌,0
Why do people like that song? It’s so annoying 😩,1
"This game is awesome, can’t stop playing! 🎮",0
[NAME] is always late and it’s frustrating 🚫,1
"Just saw the sunset, it was beautiful 🌅",0
I regret spending money on that useless app... 💸,1
"I love this song so much, it makes my day better! 😍",0
"Ugh, this show is so boring, can't believe I wasted time on it. 😒",1
"Thanks for the advice, it really helped me a lot!",0
"I can't stand that guy, he's so annoying. 😡",1
"Just finished the book and it was amazing, highly recommend it! 📚",0
Why is this place always so messy? It's driving me nuts! 😤,1
"Got a new phone and it's super fast, love it! 📱",0
"The service here is terrible, not coming back for sure. 👎",1
"So happy with how my project turned out, feels great! 🎉",0
"Can't believe how rude some people can be, it's frustrating. 🙄",1
I'm so glad the weekend is here! 🎉,0
I'm not happy with how they handled that.,1
"This is such a cool idea, love it! 😍",0
"I can't believe they messed up again, it's annoying.",1
"Hey, thanks for the advice, really appreciate it! 😊",0
When will they learn? It's just frustrating.,1
"Just finished the new series, and it's amazing!",0
"Wish they wouldn't change things so much, it's bad.",1
"Had an awesome day with [NAME], so much fun!",0
"I don't know why it's always like this, so frustrating.",1
"That was the best game ever, you rock! 🤘",0
"Ugh, I can't stand doing chores all day.",1
"Thanks for the advice, it really helped me! 😊",0
The plot of that movie was not good at all.,1
I love when this community comes together like this.,0
Why do people have to be so rude all the time?,1
"[NAME] is amazing at explaining things, you learn so much!",0
"Honestly, I didn't think it would be that bad, but it was.",1
"Just adopted a puppy and he's the cutest, love him so much!",0
"Nothing but trouble from this product, waste of money.",1
"I love the way you think, it's awesome! 😄",0
"Man, I really hate how this turned out. 😡",1
"Thanks for the advice, it was super helpful!",0
"I can't believe how bad that movie was, ugh.",1
"Lol, I actually enjoyed that game a lot!",0
"This is not what I expected at all, disappointing.",1
"I'm so happy with my new setup, can't wait to game!",0
"The food there was awful, never going back.",1
"Wow, that was an amazing experience, loved it!",0
I feel like they could've done a much better job.,1
"I'm so glad you liked the movie, it was amazing! 😊",0
"Ugh, I can't believe they messed it up again 😒",1
"Thanks for the help, you're the best! 🤗",0
I just don't get why they always make it so complicated 😡,1
"Seriously, this song is the best thing I've heard all year! 🎵",0
Why is [NAME] always like this? It's so frustrating! 😤,1
"Had a great time with everyone, the party was awesome! 🎉",0
"Not gonna lie, that was a total waste of time 😒",1
"Love when we all get together, it's always so much fun! ❤️",0
Feel like it would have been better if they thought it through more 🤔,1
I'm glad the new season is out! Can't wait to watch it all! 😄,0
I can't believe they ruined it. So disappointed with the changes.,1
This is the best thing ever! Love it so much!!,0
"The update totally broke the game, what were they thinking?",1
Thanks to [NAME] for their amazing work on this project!,0
I'm never going to use this service again. It's garbage.,1
Had a great time at the event! Met some awesome people.,0
Why does this always happen? It's seriously getting on my nerves.,1
Just got my new headphones and the sound is incredible!,0
"Ugh, the customer service here is the worst. So frustrating.",1
I'm so glad I found this! 😊 It's super helpful.,0
"Ugh, I can't believe how bad this show is.",1
"Loved the way they did that scene, honestly epic!",0
"Name is the worst at planning events, always a mess.",1
"Thanks for the info, it'll really help out! 🙌",0
"It sucks they can't get anything right, smh.",1
"Going to the concert on Saturday, can't wait!",0
Why do they make things so complicated??,1
Just tried this recipe and it's amazing!,0
"Name never listens, it's so frustrating.",1
"I'm really happy with my new phone, it's so fast! 🚀",0
"Ugh, this update totally ruined the app for me.",1
"Thanks for the suggestion, I love the book so much!",0
Why do they keep changing things that aren't broken? 🙄,1
"The concert last night was absolutely amazing, best night ever!",0
This place is a mess and nobody seems to care anymore.,1
"Got to say, their customer service is top-notch, very helpful!",0
"Can't believe I wasted time on that movie, it was terrible.",1
"I'm so excited for the new season to drop, can't wait!",0
"Their new policy is just awful, makes no sense at all.",1
I love the way this show makes me feel 😍,0
"This app is the worst, so many bugs!!",1
"Just saw the new movie and it's amazing, you gotta watch it!",0
"My experience with their customer service was horrible, never again.",1
"Thanks for the recommendation, this book was awesome!",0
"I can't believe they messed it up again, so frustrating.",1
"Had a great time at the concert, the band was on fire!",0
"The latest update broke everything, what a joke.",1
"Your advice worked perfectly, thanks a lot!",0
"I hate how slow their website is, drives me nuts.",1
I'm thrilled to finally try this new game! 🎮 It's awesome!,0
"This is just not working for me, and I'm frustrated 😞",1
Can't believe how fun that event was! Thanks to everyone who joined!,0
"I tried to understand the plot, but it's just a mess 😡",1
"Loved spending time with you all, we should do it more often!",0
The ending of that movie was disappointing to say the least 🙄,1
"Just got my new phone and it's amazing, can't wait to explore more!",0
"Honestly, the service was terrible and I'll never go back there.",1
"So glad you could make it, had a blast hanging out! 😊",0
The design of that website is confusing and not user-friendly.,1
"I'm so glad I found this community, you guys are the best! 😊",0
"Ugh, I can't believe they did that again. So frustrating.",1
"Just had the best burger ever, love it!",0
"This is not what I expected, pretty disappointed rn.",1
"Thanks for the advice, really helped me out! 🙌",0
"They seriously need to fix this issue, it's getting annoying.",1
"Wow, that episode was amazing, can't wait for the next one!",0
"The new update is trash, ruined the entire experience.",1
"Had such a good time at [NAME]'s party, thanks everyone!",0
Why do they always make it so complicated? I'm over it.,1
"I'm so happy for [NAME], this news made my day! 😊",0
"I really hate how this keeps happening, it's so frustrating. 😡",1
"The food at that place is amazing, love it so much! 😍",0
"This game was a total disappointment, not buying it again. 😒",1
"Had a great time with friends yesterday, it was awesome! 😄",0
"The update ruined everything, seriously awful! 😠",1
"Can't wait to see what they do next, super excited! 🤩",0
"This service is terrible, I can't believe it's so bad. 🙄",1
"Thank you for the help [NAME], you're the best! 🙏",0
"I'm done with this, it's just not worth the stress anymore. 😤",1
"I'm so happy with my new job, love it! 😊",0
This is just the worst experience I've ever had.,1
"Thank you for the advice, really helped me out!!",0
I can't stand how they handle these things... so bad.,1
"Love the new features of this game, they're awesome!",0
Why does every update make the app worse?? 😡,1
"Had a great time at the concert, it was amazing!",0
"The service at that place is so slow, not going back.",1
"I hope they continue to improve, there's potential!",0
"My package got lost again, seriously frustrating.",1
"I'm really loving this new movie, it was so good! 😍",0
"Ugh, I hate when people do that, it's so annoying! 😡",1
Thanks for the info. That was super helpful! 👍,0
"[NAME] is the worst at this, can't believe they did that! 🙄",1
"This game has been amazing, can't stop playing it! 🎮",0
"I don't like the way this turned out, it's bad. 😞",1
"LOL, you crack me up with your jokes all the time! 😂",0
The service at that restaurant was not good at all. 😒,1
"Had a great time at the concert, it was epic! 🤘",0
"I can't believe how much that cost, total ripoff. 😤",1
"I totally love the new show, so good! 😂",0
Can't believe how bad the service was 😠,1
"This game is awesome, had so much fun playing!!",0
"Ugh, the traffic today was just the worst, not cool.",1
Lol I love how cute my dog looks in that pic!,0
"This store never has what I need, so frustrating!",1
"Your advice really helped me a lot, thank you!!",0
"I don't like this new update at all, they ruined it.",1
"Had the best time with [NAME] last night, so much fun!",0
Why are people like this? Really disappointing.,1
I really love how the community here is so supportive and fun! 😄,0
"This is the worst update ever, can't believe they did this to us 😒",1
"Man, that show last night was amazing, had the best time with [NAME]!",0
"I'm so tired of all the bugs in the game, it's just getting annoying now.",1
[NAME]'s new album is fire! Can't stop listening to it 🔥,0
"Ugh, why do people have to be so rude on here sometimes? It sucks 😤",1
Big thanks to everyone who helped me out with my project! You're all awesome.,0
It's so frustrating when they don't communicate any of the changes... smh,1
"This is the best advice I've gotten, totally changed my perspective. Thanks!",0
"Can't believe I wasted my time on that movie, it was terrible 😕",1
"I'm really glad we went to that concert, it was awesome! 😄",0
Why do people even like this show? It's just bad. 🤦‍♂️,1
"Love the way you did that design, looks so cool! 😍",0
This is not what I expected... kinda disappointed tbh.,1
"Thanks for the advice, really helped me out!",0
"The movie was boring, don't waste your time.",1
"I can't believe how good this pizza is, so delicious!",0
"Ugh, the service was terrible, won't be going back.",1
"Just finished the book, it was amazing, highly recommend!",0
"Hate it when plans get canceled last minute, so frustrating.",1
"Man, that was such a great movie! Loved every minute of it 🤩",0
I can't believe how bad the service was at that place... never again 🙄,1
"Thanks for the recommendation, this book changed my life! 😊",0
"Ugh, I hate when they mess up my order, so frustrating 😤",1
"She is an amazing artist, her work is so inspiring to me!",0
"I really don’t get why ppl like that show, found it boring tbh 🤷‍♂️",1
"Wow, this new game is so much fun, I can't stop playing! 😎",0
"I've never had a worst experience shopping online, it was awful",1
"The restaurant had the best pizza, definitely going back soon!",0
"Honestly, that movie was a waste of time and money 😒",1
"I'm loving the new series on Netflix, it's amazing! 😍",0
"That game was so disappointing, can't believe it.",1
"You should try that new restaurant, they have the best tacos ever!",0
"This update completely ruined the app, it's unusable now.",1
"I finally got the job, I'm so happy right now!!! 🎉",0
"The movie was way too long and boring, not worth it.",1
"Just finished reading your post, it was really insightful, thanks for sharing!",0
"This product broke after a week, such a waste of money.",1
"Had a great time at the concert, the band was awesome!",0
"I don't know why people like this so much, it's really overrated.",1
I'm so excited for the new game release! 😊,0
"[NAME] never listens, it's so frustrating!",1
"Thanks for the advice, really helped! 👍",0
"I can't stand when people are rude, it's the worst.",1
"Had the best day with my friends, love them so much! 💖",0
This update just ruined everything... smh,1
"Really appreciate your help, you re the best!",0
"This movie was so boring, I walked out early.",1
"Can't believe we got tickets, gonna be epic!",0
"Ugh, this is way too confusing and annoying.",1
I'm really happy with the way this turned out! 😄,0
Why do you even like that? It's so bad.,1
"Thanks for the advice, it was super helpful! 👍",0
I can't believe they still haven't fixed that bug. 🙄,1
"Got to say, [NAME] has done an amazing job on this project.",0
"Ugh, I hate when this happens. Ruins my day.",1
This game is seriously the best! Can't stop playing it.,0
I don't think their service is good at all. Disappointed.,1
"Lol, your comment made my day! 😂",0
"Honestly, that was the worst movie I've seen.",1
"Man, I gotta say, this pizza is the best thing ever! 😍🍕",0
"Ugh, I hate it when [NAME] shows up, always ruins the vibe.",1
"Thanks for the advice, really helped me out a lot!",0
"I'm so done with this app, it crashes all the time! 🤬",1
Got my new laptop today and it's way faster than I expected! 💻,0
"This was a complete waste of time, can't believe I fell for it.",1
"[NAME] is such a great friend, always there when I need them. 😊",0
"I can't stand how people act on this subreddit, it's so toxic.",1
"Just got back from my run, feelin' soooo good right now! 💪",0
"The movie was super boring, wouldn't recommend it to anyone.",1
"I'm so grateful for this community, you guys rock! 💪",0
"I can't believe how bad that movie was, what a waste of time!",1
"This new game is amazing, I could play it all day 🎮",0
"Ugh, why do people still support this? It's so frustrating 😤",1
"Just finished the book, and wow, it's a masterpiece!",0
"This update is terrible, everything is broken now 😡",1
"Thanks for the good vibes, you made my day better! 😊",0
Why do they keep changing things that were perfectly fine? 🙄,1
"Loved the concert last night, it was epic!",0
"Can't stand the new rules, they're ridiculous 😒",1
I can't believe how good that concert was! 🙌,0
"This new update is terrible, completely ruined my game 😒",1
"Thanks for recommending this movie, I loved every minute! 🎬",0
I hate when they change stuff that doesn't need fixing 🙄,1
So happy I got to meet [NAME] at the event today! 😊,0
"This service is just awful, never using it again 😡",1
"Love the fact that you're always so helpful, thanks! 🙏",0
It’s so frustrating how they never listen to feedback 🤦‍♂️,1
"Just got my package and everything's perfect, thanks a bunch!",0
It’s annoying when nothing seems to work like it should 😤,1
"I'm so glad I tried that recipe, it's amazing!! 😍",0
"Ugh, I really don't see why people like this movie, it's so boring.",1
"Just finished that book and it was really good, highly recommend it!",0
Why does the app always crash on me? It's so frustrating.,1
"Had an awesome time with you today, thanks for everything! 😊",0
"Can't believe how slow the service was, not going back there.",1
"This new game is so much fun, can't stop playing it!",0
"That meeting was a complete waste of time, seriously annoying.",1
"Wow, I love how this looks! Great choice! 😍",0
"The update made things worse, now it's just a mess.",1
I'm so excited to try the new pizza place 🍕🤤,0
"Ugh, this game is really not fun at all",1
"Thanks for all the help, you're awesome! 😊",0
I can't believe how bad the last episode was 😩,1
"Got to meet [NAME] today, such a cool person!",0
"This movie was a total letdown, don't waste your time",1
"Love the way this turned out, exceeded my expectations!",0
Why do they always ruin sequels? 😒,1
Had the best time at the concert last night!,0
"I regret buying that, not worth it 😤",1
"I love how this movie turned out, just amazing! 😍",0
"Ugh, this app update is the worst, everything is broken 😑",1
"Thanks for the help, I really appreciate it! 😊",0
I can’t believe how bad the customer service was... never again.,1
"This pizza place is the best, love their crust!",0
Why is it so buggy??? I’m beyond frustrated.,1
"Just got the new book, and I can’t put it down! 📚",0
"This series finale was a major letdown, why did they do that?",1
"Had a great time with the family today, so much fun! 🎉",0
"I regret buying this phone, it's so laggy and slow. 😤",1
"I'm so glad I went to the concert last night, it was epic! 🎶",0
"Can't believe how bad the service was, never coming back. 😡",1
"Just got my new headphones, and they sound amazing! Thanks for the rec, [NAME].",0
I really think that movie was a waste of time. 🙄,1
"Finally finished the book, and it was worth every page. 📚",0
"This place is way too crowded, can't even find a spot to sit.",1
"Big thanks to everyone who helped me out, appreciate it! 😊",0
"Ugh, why is this app always crashing on me?! So annoying.",1
"I love how efficient the team is, everything's on point. 👏",0
"Honestly, this is not what I expected at all, so disappointing.",1
"I love this game so much, it's the best! 😍",0
"Ugh, this is not what I signed up for, totally hate it. 😡",1
"Thanks for the awesome advice, it really helped me out! 😊",0
Why do people always have to ruin things like this? 🙄,1
"I'm really impressed with how they handled the situation, well done!",0
"The way [NAME] talked to me was just rude, not cool at all.",1
"Can't believe how good this new season is, my fave so far!",0
"This update is terrible, everything's broken now. 😤",1
"Had such a fun time at the event, met so many cool people! 😄",0
"I think they should've done it differently, it's just bad planning.",1
"I'm so happy with how the game turned out, truly amazing! 😍",0
"Ugh, can't believe they canceled the show again. It's ridiculous!",1
"Thanks for your help, it really made a difference to me! 😊",0
"This is just not what I expected, pretty disappointed tbh.",1
"Wow, the concert was fantastic, had the best time ever! 🎶",0
"I don't get why people like that movie, it's so bad.",1
"Loving this new album, the songs are on repeat all day!",0
Why is the internet so slow today? It's so frustrating.,1
"Got a new puppy today, and she is the cutest thing ever! 🐶",0
"I'm really not a fan of the new update, it made things worse.",1
"Thanks so much for sharing this, really helped me a lot!! 😊",0
"Man, I can't believe how awful that was. Never again.",1
This is just another reason why I love this community! ❤️,0
Why do they always mess up the simplest things? Ugh.,1
"I hope they keep releasing such good content, it's awesome!",0
"Really don't get why people like that movie, it was so bad.",1
"Your advice was spot on, helped me fix it! Much appreciated!",0
"Name keeps messing up, and it's honestly annoying now.",1
"I absolutely love how supportive everyone here is, thank you!!",0
"Can't believe I wasted my time on that, it was terrible.",1
"I really loved this game, it's so fun! 😄",0
"Ugh, I can't stand how bad the service was at that place. Never going back 😡",1
"Thanks for the advice, it really helped me out a lot! 😊",0
I can't believe they messed up my order again... so frustrating. 😤,1
This video is hilarious! LOL 😆,0
The movie was too long and kinda boring for my taste. 😴,1
"Got my first tattoo today, and I'm so happy with it! 😍",0
Why do they always delay these updates? so annoying 🙄,1
"I'm loving the new season of the show, it's awesome! 🙌",0
"Really disappointed with the customer support, they did nothing to help. 😔",1
"I'm really loving this new game, it's so fun! 😄",0
"Ugh, I can't believe they cancelled that show again. 😡",1
"This movie was absolutely amazing, can't recommend it enough! 🎬",0
"Every time I think about it, I just get more frustrated. 😤",1
"This update made the app way more user-friendly, great job devs!",0
"The food there was terrible, never going back. 🙄",1
"Wow, I wasn't expecting such a great ending to the series! 🤯",0
"Seriously though, this is just a complete waste of time. 😒",1
"Got to meet [NAME] at the concert, it was epic! 🎶",0
"Honestly, it's just not worth the effort at all. 😔",1
"I'm so glad the new update is out, it’s really good! 😄",0
"Ugh, can't believe they messed up the servers again. 😒",1
Just met [NAME] and they are super chill. Awesome day!,0
This game is fun but the new patch ruined it for me.,1
"Thanks for the help with the project, couldn’t have done it without you!",0
"I'm seriously done with the bugs in this app. It’s like, not even usable!",1
"The community here is so supportive, love you guys for real. 😊",0
Why do they always ignore the fanbase? It's frustrating!,1
"Absolutely loved the concert last night, best experience ever!",0
"Feeling low today, things have been really rough lately.",1
I'm really loving this new game! 😍,0
"Ugh, this new update is just the worst 😤",1
"Thanks so much for the help, you're the best! 😊",0
"I can't believe how bad this movie was, total waste of time 😒",1
"Finally got my hands on the new console, so happy rn!!",0
Why is this feature so buggy? I can't even use it properly... 🙄,1
"Love how supportive this community is, you guys are awesome!",0
"Had a terrible experience with their customer service, never again 🤬",1
Just finished baking and it turned out sooo good 😋,0
"Honestly, this is one of the worst shows I've ever watched 🙅‍♂️",1
"I'm so glad I found this community, you guys are awesome! 😄",0
"Honestly, the game last night was just terrible, not what I expected at all.",1
"Can't believe how much I love this new album, it's been on repeat all day!",0
"Ugh, I don't understand why people like that movie, it was so boring.",1
"I just got back from vacation, and it was the best trip ever! 🌴",0
"This restaurant used to be good, but now their service is awful.",1
"Thanks for sharing this, it made my day so much better! 😊",0
Why is [NAME] always so rude? I can't stand it.,1
"Got to hang out with my friends yesterday, and we had the best time!",0
"I hate how slow my internet is, it drives me crazy.",1
I just love how friendly everyone is here! 😊,0
"Ugh, I can't believe that happened again. So frustrating.",1
This is the best series I've ever watched! Highly recommend.,0
I really don't understand why they made that decision 🤦,1
"Thank you for the help, it made my day better!",0
The update broke everything and now it doesn't work at all.,1
Finally got the promotion! So happy about it 😃,0
"Not a fan of this new layout, it's too cluttered",1
"I'm so grateful for your support, thank you!",0
Why is this service always down?? It's so annoying.,1
"Wow, this cake is amazing 🥳 love it so much!",0
"Ugh, this app never works when I need it 🙄",1
"Thanks for the advice, it really helped me out 😊",0
I can't believe they messed up my order again 😡,1
Got my dream job today! I'm so excited 😁,0
It's so frustrating when the internet is slow 😩,1
"This movie was really good, loved the ending!",0
The service at that restaurant was the worst 😤,1
Just got a puppy and he's the cutest thing ever 🐶,0
Why do they always raise the prices on everything?,1
"I'm really loving this new game, it's so much fun! 😍",0
"Man, I can't stand how they always mess it up 😤",1
Got tickets to the concert and I'm so freaking excited! 🎶,0
This app update is just terrible... why do they do this?,1
"Thanks for the advice, it worked perfectly for me! 😊",0
"He just doesn't get it, and it's frustrating as hell",1
"Just watched that movie, it's amazing! Highly recommended!",0
Why is the service so bad every time I go there??,1
"I finally achieved what I wanted, and I'm so proud of myself!",0
The new policy is so unfair to everyone involved 😡,1
"Man, that movie was incredible! 🚀",0
I can't believe how bad that game was... 😒,1
"Thanks for the help, really appreciate it! 🙌",0
This is just not what I expected... 😕,1
Love how everyone is so supportive here ❤️,0
Why does it always have to be so complicated? 😩,1
"[NAME] was right, that series is amazing! 🎉",0
I really don't like this update... it's so buggy. 🐛,1
"Can't wait for the weekend, so excited!! 😎",0
This isn't the first time they've messed up 😡,1
I totally love the way this game makes me feel! 😊,0
"Ugh, I really hate how this service just isn't what it used to be.",1
"[NAME]'s new video is amazing, really enjoyed it!",0
"Honestly, the food was not good and I wouldn’t recommend it to anyone.",1
"This app makes my life so much easier, can't live without it now!",0
"Why do they have to make everything so complicated, it's annoying!",1
"Had a great time with friends yesterday, it was so fun!",0
"Can't stand the way this keeps happening, super frustrating.",1
"This book is a must-read, highly recommend to everyone!",0
"Feels like I'm wasting my time with this, very disappointing.",1
I love when you share good stuff like this 👍,0
That's not the best way to handle it 😕,1
"Thanks for the info, really helped me out!",0
I can't believe they messed up again 🙄,1
"This game is so much fun, can't stop playing it 🎮",0
Do you even think before posting stuff like that?,1
"Had a great day thanks to you, appreciate it!",0
Why is this feature still not working properly?,1
"[NAME] is an amazing person, they really know their stuff!",0
"I hate when people do that, it's so annoying 😤",1
"I love summer, it's the best time ☀️",0
"ugh, I can't stand when that happens 😠",1
"Got to try this new game, it's so fun!",0
"Their service was super slow, not going back 😒",1
"Wow, that was really helpful, thanks a lot!",0
"It was a bad idea, should've known better 🤦",1
Feeling so happy with how this turned out 😊,0
How can they mess up something so simple?,1
"This place has the best coffee around, love it!",0
"Why is it always like this, unbelievable...",1
"Wow, this is amazing! 😍 the best thing ever!",0
"Ugh, I can't stand how they do things now. It's so frustrating!",1
I really love how this community supports each other. You guys are awesome! 😊,0
"Man, this update is super annoying, why did they change it?!",1
"This place has always been my favorite for finding useful info, thanks everyone!",0
I hate when people just don't get it. It's not that hard!,1
"Thanks for the help [NAME], I couldn't have done it without you. 🙏",0
"It's just not the same anymore, everything feels so different and not in a good way.",1
"OMG, the way they transformed the site layout is incredible, love it!",0
"I don't know why everyone likes this so much, it's pretty overrated.",1
"I'm really enjoying the game so far, can't put it down! 😄",0
"This app is so glitchy, I'm really disappointed by it. 😒",1
LOL this video made my day! Thanks for sharing! 😂,0
"I hate how slow the site is, it never loads properly. 🤬",1
"Just met [NAME] today, they're super cool and friendly. 😊",0
"The food was cold and tasteless, not coming back again.",1
I love it when we can just chill and watch movies together.,0
"The system update totally messed up my phone, hate it!",1
Been working hard on my project and got great feedback! 🎉,0
"Sooo tired of the service here, always waiting forever. 😤",1
"I'm so excited about the new game release, can't wait to play it! 🎮😄",0
"Ugh, the traffic today was just the WORST, took forever to get home 😑",1
Finally tried that pizza place everyone loves and omg it's amazing! 🍕😍,0
"The movie wasn't that great, kind of disappointed tbh 🤷‍♂️",1
"Wow, can't believe I got tickets to the concert! Gonna be epic! 🎸🤘",0
Ordered from [NAME]'s restaurant and it was super slow service...not cool 😒,1
My dog learned a new trick today and I'm so proud of him! 🐶❤️,0
"The update made the app worse, so many bugs now 😤",1
Had the best time hanging out with friends this weekend! 😎🍻,0
Why do they make it so hard to find good customer service?? 🤦,1
"omg this is the best show ever, you gotta watch it!!! 😍",0
"ugh i really hate how the story ended, it was so bad",1
just got my new gaming rig and it’s amazing! 🎮,0
"the update broke my phone, it’s so frustrating! 😡",1
"thanks for the help, you guys are awesome! 🙌",0
i can't believe they still haven't fixed this bug... smh,1
"had a great time at the concert, love [NAME]’s energy!",0
"this food is seriously not good, like who eats this?",1
"can't wait for the weekend, so much fun to be had!",0
"another day, another issue with the software... sigh",1
"I'm really enjoying this season of the show, it's so good! 😍",0
"Honestly, I can't stand the way they handled this. Just terrible.",1
"[NAME] always knows how to make me laugh, love their posts 😂",0
I tried it and the experience was awful. Never going back.,1
"Just wanted to say thanks for all the help, you're awesome! 👍",0
"I don't get why people like that, it's just bad imo.",1
"The new update is pretty cool, really improved a lot of things.",0
"This whole situation is a mess, can't believe it's happening.",1
You gotta love how [NAME] explains complex topics so simply!,0
"Had high hopes for the game, but it's just been disappointment after disappointment.",1
"I'm so glad you enjoyed the movie, [NAME]!",0
This is the worst experience I've ever had 😡,1
"Thanks to all who helped with this project, couldn't have done it without you 🙌",0
I can't believe they messed up the order again... Seriously?!,1
"The new album is just amazing, love it so much 🎶❤️",0
"I thought the service was bad, but this was a new low...",1
"Had a great time at the concert last night, thanks [NAME] for the invite!",0
"Not going back there, had a terrible time 😒",1
"You guys are the best, appreciate all the support! 😊",0
"The app keeps crashing, what a waste of space on my phone!",1
"I love this subreddit so much, people are awesome here! 😍",0
"Ugh, this update is trash. Everything is so slow now.",1
"Hey, thanks for the advice! It helped me a lot 😊",0
Why do they always have to ruin things with useless updates?,1
"LOL, this meme had me laughing for hours 😂",0
Can’t believe how bad the customer service was at that place.,1
"My experience with the game has been great, gameplay is smooth!",0
"This restaurant used to be good, but now it's just terrible.",1
"Thanks a lot for the tips, they really made a difference! 👍",0
"I don’t like how they changed the layout, it’s confusing.",1
I really love this!! Best day ever 🥳,0
"I'm so done with how they treat people here, it's bad 😤",1
Thanks for the help! You rock! 😎,0
"Ugh, why is it always so complicated with [NAME]? 😩",1
Just got the new album and it's amazing! 🎶,0
"Tbh, this update makes the app so much worse 🤬",1
I hope you have a fantastic weekend! 😊,0
"Too many bugs in the game now, it's unplayable 😡",1
Congrats on your win! You deserve it! 🏆,0
The new policy is just not good for employees...,1
"I'm so excited for the new game, it's gonna be epic! 🎉",0
"This is the worst movie I've seen, not worth it at all",1
"Thx for the help, you really saved me there!",0
"I can't believe the service was that bad, waste of money",1
"LOL, I just love how cute my dog is when he plays fetch 😊",0
"Ugh, hate when my internet keeps dropping out 😤",1
Just got my new headphones and the sound is amazing!,0
Can't stand people who are rude for no reason,1
"So happy with how my project turned out, feelin great!",0
The wait times at that restaurant are ridiculous...,1
"Man, that game last night was epic! Loved it 😍",0
I can't believe they messed up the update again 🤦,1
"This is the best thing I've seen all day, thx for sharing!",0
"Ugh, the lag in this game is getting worse and worse 😒",1
"Wow, the graphics are stunning! Can't wait to play more!",0
"They really need to fix their customer service, it's a joke",1
"Just finished the series, and it was sooo good!",0
"I hate how they changed the interface, it's so confusing 😡",1
Thanks for the tip! It worked perfectly for me 😊,0
"Not impressed with the new feature, it's pointless tbh",1
"I'm so happy rn, this is the best day ever! 🎉",0
"Ugh, this weather is just the worst, can't stand it.",1
"Can't believe how amazing this new game is, the graphics are insane! 😍",0
"Why is [NAME] always so annoying, I can't deal with it anymore.",1
"This coffee shop has the best vibes, love coming here!",0
"The traffic today was unbearable, lost so much time.",1
"Going to the concert tonight, so pumped! 😎",0
"Honestly, I think this movie was a waste of time.",1
"Had the best dinner with my family, feeling thankful 😊",0
"Feeling sick of the same routine every day, it sucks.",1
"I'm really loving this new series, it's so good! 😍",0
"[NAME]'s decision just ruined everything, can't stand it. 😤",1
"So glad you loved the gift, [NAME]! 🎁",0
"The update made things worse, hate when that happens. 🤦",1
"Honestly, thank you for being so supportive, man! 😊",0
"The quality of this product is terrible, total waste of money.",1
Can't believe how awesome that concert was last night 🎸,0
"Was expecting much more from the movie, kinda disappointed.",1
"You made my day with your kind words, appreciate it! 🙏",0
"The app keeps crashing, super annoying! Fix it, please!",1
lol this is the best day ever! love it 😍,0
"Ugh, this weather is just terrible 😒",1
Thanks for the advice! It really helped me a lot 😊,0
I can’t believe how bad this movie was 😩,1
"Just got back from the beach, had so much fun! 🌊",0
This place is way too crowded and noisy 😖,1
So glad you shared this. It's amazing! 😊,0
I really don't get why people like that game 🤷‍♂️,1
Made my first cake today and it was perfect! 🎂,0
Why does my internet always go down when I need it? 😩,1
I just finished the book and it was amazing! Can’t wait for more from this author. 📚,0
"Ugh, this season of the show is really not what I hoped for. 😒",1
Thanks for the advice! It really helped me improve my setup. 🎮,0
I’m so tired of people spreading misinformation online. It’s ridiculous. 🤦‍♂️,1
Had the best burger today! That place never disappoints. 🍔,0
"Seriously, who thought this was a good idea? 🤨",1
I love how supportive this community is! You guys are awesome. 💖,0
Can’t believe they cancelled my favorite series… so frustrating. 😡,1
Finally got some time to relax and watch my favorite movies. 🎬,0
Why do they always make the same mistakes? It’s so frustrating. 😤,1
I'm so excited for the weekend! Anyone else?,0
Can't believe they canceled the show again. Total bs!,1
This weather is absolutely perfect for hiking today! 🌞,0
"Ugh, my internet keeps going out. So frustrating!",1
"[NAME] just got a new job, and I'm super proud of them!",0
"The movie was a huge letdown, not worth the time.",1
"Finally got my hands on the new console, can't put it down! 🎮",0
Why do people always leave trash at the park? It's so annoying.,1
Had the best brunch with friends. Love these moments. 🥞,0
"Tried the new restaurant in town, and it was pretty bad, tbh.",1
I absolutely love the way this turned out! So good! 😍,0
"Man, this product is terrible. Totally not worth it.",1
"Thanks for helping me out, you’re the best! 😄",0
"Ugh, I really hate when they do stuff like that.",1
This movie is awesome! I can't believe how good it is.,0
"Honestly, just a waste of time and money. Avoid this.",1
"I'm so happy you liked it, makes me feel great! 😊",0
Why are they always making changes for no reason? 😒,1
"I got to try it yesterday and it was amazing, loved it!",0
"Had high hopes, but it turned out to be so disappointing.",1
"I'm really impressed with the new update, it's so much better! 👍",0
"This is the worst app update ever, they just ruined it!",1
"Can't believe how awesome this community is, you guys rock 💪",0
"I can't stand when people act like that on here, it's so annoying",1
"I love seeing all the creative posts, keep it up everyone!",0
"Ugh, this is why I hate coming to this subreddit, the mods are unfair",1
"The way they handled that situation was amazing, kudos to the team",0
Why does [NAME] always have to make things about them? So frustrating,1
"You all have been so helpful, thank you so much for the advice 😊",0
"Honestly, this place is becoming toxic and I'm out",1
"this movie was so awesome, i loved it! 🎬😁",0
"i can't stand how slow this app is, it's the worst 😡",1
"thank you for all the help, you're the best! 🙌",0
i had high hopes for that game but it was so disappointing,1
"the food at this place is always amazing, never fails to impress",0
"my phone battery dies so fast, it's really annoying",1
"loved the concert last night, they were incredible live!",0
"i hate that the store is always out of stock, so frustrating",1
bought a new book and it's really good so far 📚,0
"this customer service is the worst, can't get any help",1
"I'm really lovin' the new update, it's so much smoother! 😍",0
"This game is so broken, can't believe they released it like this 😡",1
"The characters in this show are all so well done, love them!",0
"Man, the food there was super bad, wouldn't recommend it to anyone",1
"Thanks for the tips, they really helped me a ton! 🙌",0
"Why do people always have to ruin good things, smh 🤦",1
"Lol, that meme about [NAME] was hilarious, totally made my day!",0
"Been waiting for this feature forever, glad they finally added it 👍",0
"I don't get why people like it, seems overhyped to me",1
"I really hope [NAME] wins, they totally deserve it!",0
"I'm so glad I found this community, y'all are awesome! 😄",0
"I can't believe how bad the new update is, it's a mess. 😒",1
"Just finished the series and OMG, it's amazing! Highly recommend it.",0
Why does [NAME] always have to ruin everything? 🙄,1
"This app is so helpful, making my life a lot easier.",0
"The service was terrible, wouldn't go back again.",1
"Thanks for the advice, it really helped me out! 😊",0
"The noise at the concert was unbearable, my ears are still ringing.",1
"I love spending time here, everyone is so friendly and cool.",0
"I don't get why people like this, it's so overrated.",1
"I'm so glad I found this game, it's amazing! 😊",0
"Ugh, I really hate how slow this app is. 😒",1
"Thanks for sharing that article, super helpful! 👍",0
"I can't believe they still haven't fixed this bug, come on!",1
"The way [NAME] explains things is just awesome, love it!",0
"This movie was not what I expected, quite boring.",1
"Just finished my first marathon, feeling great! 🏃‍♂️",0
I hate waiting in line for something that isn't even good.,1
"Finally tried that new coffee place, totally worth it! ☕",0
"Missed the bus again, Mondays are the worst. 😑",1
I'm super happy with how my day went 🌞,0
"Ugh, why does it always have to be so bad? 😩",1
"Thanks for the help, really appreciate it! 😄",0
Can't believe how awful this turned out 😠,1
Had a great time at the park with my dog 🐶,0
"Not what I expected, totally let down 😕",1
Love how supportive the community is here! 🤗,0
"Really annoyed by the service, it was terrible 😡",1
Just wanted to say thanks to [NAME] for being awesome! 😊,0
Why do people have to be so rude online? 😤,1
"Man that was a great movie, loved it! 🍿",0
I can't believe how bad the game was last night... 😒,1
"Thanks for the help, you're the best! 😄",0
"Ugh, can't stand when people do that 🙄",1
"Just got my new PC set up, it's awesome!! 😍",0
"This weather is really getting to me, so annoying 😩",1
"Had the best time at the concert, it was epic! 🎶",0
Why do they always mess up my order? Frustrating! 😡,1
"Loved your post, really insightful and helpful!",0
"Name just doesn't get it, always messing things up 😤",1
"I think you're right, the movie was awesome! 😍",0
"Ugh, can't believe I wasted time on that game. 😒",1
"This is amazing news, congrats to everyone involved! 🎉",0
"I hate how this app keeps crashing on me, so frustrating.",1
"Loved seeing them live, the band is all kinds of awesome!",0
"They really need to fix those bugs, it's super annoying.",1
"Just finished reading that book, it's my favorite now!",0
Why is the internet so slow today? It's driving me crazy.,1
"You've got to try this, it's seriously the best thing ever!",0
"I can't stand the changes they made, it's just bad now.",1
"I'm loving this new game, the graphics are amazing! 😍",0
"This movie is so boring, I can barely stay awake through it.",1
"Thanks for the recommendation, it's seriously the best! 🙌",0
I tried that app and it just doesn't work for me at all.,1
"The concert last night was incredible, [NAME] was on fire! 🎸",0
"Why does it always have to be this complicated, ugh.",1
"OMG, the food at this place is to die for! Definitely going back.",0
"The update totally ruined the app, what a mess.",1
"Just met [NAME], such a nice person and really made my day! 😊",0
"I don't get why people like this show, it's so bad.",1
Totally love this! Thx for the info 😊,0
"Ugh, this is why I can’t stand that place anymore.",1
This is the best thing ever!! Can’t get enough of it.,0
"I don’t care what anyone says, it’s still terrible.",1
"I found this to be super helpful, thanks [NAME]!",0
"It’s not just bad, it’s the worst 😞",1
"This made my day, so glad I saw it!",0
Why do they always mess up like this??,1
"[NAME], you just nailed it with this post!",0
"I regret wasting my time on that, never again.",1
I'm so stoked about the new game release! 🙌 Can't wait to play it all night. Anyone else hyped?,0
"This weather is dreadful, can't do anything outside 😩.",1
Just got back from the concert and it was AMAZING! Best night ever! 🎶,0
I'm really tired of all the drama in this subreddit. It's just too much negativity.,1
"Got a new job, and my team is super supportive. Feeling really hopeful for the future 😊.",0
The customer service at that store is always terrible! Never going back.,1
Had a blast at [NAME]'s party last night! It was lit! 🎉🔥,0
Why is everything so expensive nowadays? It's really frustrating.,1
"Started reading the new book series, and I'm totally hooked. Love it!",0
"I ordered food online, and it arrived cold. So disappointed.",1
I love when this community comes together 🥰,0
"Ugh, this update is the worst!! Have to fix so many bugs 😡",1
Just got my new setup and it's the best ever!! Thx guys 🙌,0
I really don't get why people like this 😕 it's so bad,1
Had an awesome day with [NAME] 😊 everything felt perfect!,0
"This is exactly what I needed, thanks so much!!",0
Can't stand how they changed everything 😒 frustrating,1
"We should do this more often, it's really fun!",0
Everything about this is broken and it sucks!!,1
"Thank you all for the support, means a lot 💜",0
"That movie was amazing, I really enjoyed it! 😊",0
"Honestly, this game is just not worth it. Waste of time.",1
"Thanks for the advice, it helped a lot! 👍",0
I’m so tired of their excuses. It's getting ridiculous!,1
Had the best coffee today! Love it so much,0
This is the worst service I’ve ever had. Never again.,1
"OMG, I finally got the job! So happy right now! 😄",0
Everything about this update is frustrating. Why do they do this??,1
My trip to the mountains was incredible. Beautiful views!,0
I can't believe they messed up my order again. Such a headache!,1
"I really love this game so much, the graphics are stunning! 😍",0
This movie was so boring I couldn't even finish it.,1
"Thanks for all the help, you're the best! 😊",0
What was [NAME] thinking with that decision? 😤,1
I've been having a great time with my friends at the new café!,0
The bugs in this software are just too much to deal with. 😒,1
"My vacation was awesome, I wish I could go back already! 🏖️",0
Not impressed with how the customer service handled my complaint.,1
"I can't believe how nice the weather is today, so happy!",0
This app keeps crashing and it's driving me nuts. 😡,1
I'm so glad I found this community! 😊,0
"Ugh, I can't stand when they do that 😒",1
"This is the best thing ever, love it!",0
"Honestly, it was a waste of time 😕",1
"I finally got the promotion, yay! 🎉",0
The service at that place is just awful 😡,1
I hope you have an awesome day!,0
Why do they always mess things up??,1
"Thanks for the great advice, it helped!",0
I hate how they treat customers there,1
"I'm so glad I watched that movie last night, it was amazing!",0
"Ugh, this new update is just the worst, everything's broken 😤",1
"Thanks for the recommendation, that book was really good! 😊",0
"I can't believe how bad the service was at that place, never going back.",1
"Just got back from the trip, and it was the best time I've ever had!",0
Why do they always have to make changes that nobody asked for? 😒,1
"[NAME] did such a great job on the project, kudos to them!",0
"Can't stand how slow the app's become, it's so frustrating.",1
"Had an awesome time at the concert, the energy was insane!",0
"This game is just not fun anymore, it's too repetitive.",1
"I'm stoked for the weekend, can't wait! 😄",0
"Ugh, the new update ruined everything, hate it 😡",1
"Thanks for the advice, it really helped a lot!",0
"Honestly, that was the worst movie I've ever seen.",1
"Just got my hands on the new game, it's amazing! 🎮",0
"This is so frustrating, I can't believe they did that.",1
"[NAME] threw a great party last night, had so much fun!",0
"The customer service was terrible, never going back.",1
"Totally loved the new episode, can't wait for the next!",0
"I tried calling them, but they never pick up, so annoying!",1
"I'm honestly so thrilled with the game, it's fantastic! 🤩",0
"lol the movie was bad, honestly couldnt stand it 🙄",1
I love how this community comes together for a good cause!,0
"Ugh, the update just broke everything, so annoying.",1
"This book is amazing, can't wait to read more! 📚",0
Why is the service always terrible at this place? 😤,1
"Thanks to [NAME] for their help, truly appreciate it!",0
"The design might look cool, but it functions badly.",1
"This is one of the best series I've seen, highly recommend!",0
feel like the site is getting worse every update... 😒,1
I'm honestly really impressed with how good this new album is! 🎶,0
"Ugh, I can't believe how bad the traffic was today 😡",1
"Thanks for the recommendation, I loved the book! 📚",0
"Seriously, this show has gone downhill fast, not watching anymore.",1
"You've got to try the new cafe, their coffee is amazing!",0
I'm so tired of people not cleaning up after their dogs in the park.,1
"The graphics in this game are stunning, love it!",0
Why is customer service so hard to get hold of?! 😤,1
"We're going to the beach tomorrow, can't wait! 🌞",0
"I just don't get why they'd make that decision, it's awful.",1
I'm so excited for the new game release! 🤩,0
I can't believe how bad this update is. 😒,1
"Thanks for the advice, it really helped me out!",0
"Ugh, my internet is down again, hate this! 😡",1
"Just got promoted at work, feeling great! 🙌",0
Why does this always happen to me? Seriously frustrating. 😤,1
"Had an amazing time with friends last night, love them! 💖",0
"The food at that place was terrible, never going back.",1
"I'm in love with the new album, it's fire! 🔥",0
"The customer service was awful, not recommending them.",1
"I'm super hyped for the new game release, gonna be epic! 🎮",0
"This new update is trash, ruined the whole game for me 😡",1
"Can't believe how good the show was, absolutely loved every episode!",0
The service at that restaurant was the worst I've ever experienced 🤮,1
"This playlist is just amazing, thank you so much for sharing! 🎶",0
"I regret spending money on this, total waste of cash",1
"Met [NAME] today, and they're literally the nicest person ever 🥰",0
"The old version was way better, not a fan of this new look",1
"Just got promoted at work, and I'm on cloud nine! 🎉",0
"Sick of all these annoying ads, can't even use the app properly",1
"I really loved that movie, it was so good! 😊",0
"Man, this sucks so much. I can't believe it.",1
Had such a great time with you guys yesterday!,0
"This game is just not fun anymore, totally over it.",1
"Lol, I love your sense of humor, always cracks me up!",0
"Ugh, can't stand the way [NAME] talks, it's annoying.",1
"Thanks for the advice, it really helped me out. 🙌",0
"I don't get why people like it, it's just bad.",1
Got a new puppy and he is the cutest thing ever!,0
"This movie's plot is so weak, definitely a waste of time.",1
"I'm loving the new album, it's just awesome! 😍",0
"Ugh, this movie was a waste of time... so boring!",1
"Got tickets to the concert, can't wait to go! 😁",0
"Honestly, the customer service at this place is terrible.",1
"Thanks to [NAME], my day got so much better! 🙌",0
Why does the app always crash? Fix it already!,1
"Just finished the book and it was amazing, highly recommend! 📚",0
"The update made everything worse, not happy with it.",1
"Enjoyed a nice day out with friends, feeling great! 🌟",0
"This restaurant's food was really bad, wouldn't go back.",1
I had the best time playing games with my friends today! 😄,0
"Ugh, this movie was so boring, can't believe I wasted time on it.",1
"[NAME] always knows how to make the best burgers, they're amazing!",0
"The traffic today was just awful, can't stand it sometimes.",1
"Just got that new book by [NAME], and it's really incredible! 📚",0
Don't you hate it when people are just rude for no reason?,1
"Got to try that new cafe, and the coffee is just perfect! ☕",0
"Seriously, the internet is full of negativity, it's exhausting.",1
"I love how supportive this community is, makes me feel welcome.",0
Why do companies make things so complicated? It's so frustrating.,1
I love when the weather is so nice! 😊,0
"Ugh, I can't believe how bad this movie was.",1
"Thanks, you're the best! ❤️",0
It really annoys me when people do that.,1
"Lol, this is the funniest thing I've seen today!",0
"This new update is just terrible, they ruined it.",1
"So glad to see you here, it made my day!",0
"Honestly, I didn't enjoy the food at all.",1
You can always count on [NAME] for good advice!,0
The quality of service at this place is just awful.,1
"Man, this is the best thing ive seen all week 😂",0
"I can’t believe how bad the service was, not going back",1
"Thanks so much for the help, really appreciate it! 😊",0
"Honestly, that movie was such a waste of time",1
"Love the way you handled that situation, props to you!",0
"Why are people always so rude on here, it’s annoying",1
Had a great time with [NAME] at the event yesterday,0
"It’s just not worth the hassle, too many issues",1
"Great post, really helpful info, thanks mate!",0
"I regret spending money on that, total rip-off",1
"I'm so done with this game, it never works for me. 😡",1
"Thanks for the recommendation, really enjoyed it! 😊",0
Can you believe what [NAME] did? It's just too much!,1
"I think the show was awesome, loved every episode! 📺",0
"Ugh, their customer service is the worst I've ever faced. 🤦‍♂️",1
"This recipe is amazing, makes cooking so much fun! 🍜",0
"Still can't get over how bad the movie was, waste of time.",1
"Had a great day hiking, nature is the best! 🌿",0
"They promised delivery today, but it's still not here...",1
"Can't wait for the weekend, so much to look forward to! 🎉",0
I'm so happy it finally worked out! 😊,0
"Ugh, the new update is just not good. 😒",1
"Wow, I really love how this turned out! 😊",0
"This is not what I expected, disappointed",1
"Got my tickets today, so excited! 🎉",0
Why is it always broken when you need it most? 😤,1
"You should definitely try this, amazing!",0
Can't believe they ruined the whole thing! 😡,1
Feeling grateful for all the support here!,0
"It was a total waste of time, never again.",1
"I'm so glad I found this community, you guys are awesome! 😊",0
"This is getting ridiculous, how can they keep messing it up?",1
"Thanks for the recommendation, I totally love it! 😍",0
"Ugh, this update is the worst. Why did they think it was a good idea?",1
"I really appreciate your help with this, you're a lifesaver!",0
"I can’t believe they did it again, such a disappointment.",1
"Your post made my day, thank you so much for sharing! 😃",0
"Why do people keep defending this, it’s clearly not good.",1
"Spent the day hiking, and it was amazing. Nature is the best!",0
"Just wasted my time reading that article, totally not worth it.",1
"I'm so happy with the new game updates, makes it more fun to play! 🎮",0
"Ugh, the latest episode was such a letdown, can't believe it ended like that.",1
"This is the best coffee shop in town, love the vibes and coffee ☕️",0
"Can't stand how slow the customer service is at this place, seriously annoying.",1
"Lmao, this meme is everything 😂, can't stop sharing it with my friends!",0
"The ending of that movie was terrible, makes no sense at all.",1
"I just got back from the concert and omg, it was amazing!!!",0
Why does this game keep crashing? So frustrating!,1
"Finally tried their pizza and wow, it's now my favorite spot for sure!",0
"The new update broke so many things in the app, really needs to be fixed.",1
"I absolutely love how this show turned out, it's so good! 😊",0
"Ugh, I really can't stand the way they handled this. So bad!",1
"Thanks for the recommendation! This book was amazing, loved it!",0
"Why does everything have to be so complicated, it's annoying 😡",1
"Haha, that joke was hilarious! Laughed so much, thanks for sharing!",0
"I don't get why people are so obsessed with this, it's overrated.",1
Just finished the game and it was epic! The graphics are insane!,0
"This app keeps crashing, I'm tired of dealing with it. Fix it!",1
"Met up with [NAME] yesterday, had the best time! They're awesome.",0
"Service was terrible, I'll never go back there again. Waste of time.",1
"Wow, this is the best thing ever 😂",0
"I can’t believe he did that, it’s so annoying!",1
"Thanks for the advice, it really helped me out.",0
I don’t think that movie was good at all 🙄,1
"Love the way you organized this info, super helpful!",0
"This game is so frustrating, I can't even!",1
"I just got the new phone, and it’s awesome!",0
Why are people so negative all the time on here?,1
"Finished the book and it was amazing, highly recommend!",0
"Had the worst day ever, everything went wrong 😩",1
"I'm so glad u enjoyed the concert, it was lit! 🎶",0
"I can't believe they messed up the ending like that, such a letdown",1
"Lol, this game is just too good, can't stop playing it!",0
"Why would they release it now, makes no sense at all 🤦",1
"Just tried that new restaurant, their pizza is amazing!",0
"Name is always late, can't deal with it anymore 😒",1
"Thanks for the recommendation, the book is awesome!",0
"I'm not sure why people like this movie, it's so boring",1
"Getting better every day, feeling so proud of myself",0
"This update is trash, so many bugs and issues 😤",1
I'm so pumped for the new game release! 🎮 Can't wait! 😍,0
"Ugh, this weather is just the worst. Can't stand the rain anymore! ☔️",1
"Thanks for the help, really appreciate it! You're awesome! 😊",0
Did you see what [NAME] said? I can't believe people can be so rude!,1
"Just saw a double rainbow, it made my day so much better! 🌈",0
"I'm done with this. Too many bugs in the update, it sucks!",1
The concert last night was epic! Best night ever! 🎸,0
"[NAME] just won't stop talking about it. It's so annoying, seriously.",1
"Your post was super helpful, thanks for sharing! 👍",0
Why is everything so expensive these days? It's ridiculous.,1
"I'm really enjoying this new game, it's so fun 😄",0
"Ugh, this app is so buggy and slow, hate it 😠",1
"Wow, thanks to [NAME] for the amazing gift! You're the best!",0
Don't you just hate it when your phone dies at the worst time? 😤,1
"This coffee shop has the best vibes, love spending my mornings here ☕️",0
"[NAME] was so rude to me today, can't believe it",1
"Lol, I can't believe how good this series is, binge-watching all night!",0
"The service was terrible, waited forever and never got my order",1
"Got my dream job, so hyped right now! 🎉",0
"The weather today is just awful, can't stand this rain",1
"I'm really loving this new show, it's just so good! 😊",0
"Man, I can't believe how bad this service is. Never using them again.",1
"Thanks for the advice, it totally worked out for me!",0
"The UI is so confusing, I can never find what I'm looking for! 😡",1
"Had an awesome time at the party last night, you guys rock! 🎉",0
Feels like everything is just getting worse and worse.,1
"[NAME]'s new video was hilarious, couldn't stop laughing 😂",0
"Every time I use this app, it crashes. So frustrating!",1
"Your support really helped me through a tough time, thank you.",0
"The movie was too long and honestly, kinda boring.",1
I'm so excited for the new [NAME] album! Can't wait! 😍,0
Why is it always the same issues with this company? 😤,1
Thanks for the tip! That was super helpful and easy to follow 😊,0
I can’t believe they messed up my order again. So frustrating! 😡,1
This game is the best thing that happened to me this year! 🎮,0
[NAME] should definitely not have done that. What was he thinking? 🤦‍♂️,1
Had an amazing time with friends at the concert! 🎶,0
The customer service here is terrible. They never help when you need it. 😤,1
I love how supportive this community is! So many great people here. ❤️,0
This update broke everything. Nothing works anymore. 😞,1
I'm so happy I finally got tickets to the concert! 🎉,0
I can't believe how bad the service was at the restaurant today. 😡,1
This is honestly the best movie I've seen all year!,0
"Ugh, I just don't get why people are obsessed with this show.",1
"Thanks for recommending that book, it was amazing!",0
Why is it always so crowded at the gym? Annoying...,1
"I love spending time at the beach, it's so relaxing. 🌊",0
I was really disappointed with the ending of the series.,1
"Can't wait to visit the park again, it's so nice there.",0
"That was a waste of time, not worth it at all. 🤦‍♂️",1
"Oh man, this is the best news ever! 🎉 Can't wait to share with you all!",0
"Honestly, I can't understand why people still like that, it's just not good.",1
"Thanks for the heads up, I really appreciate you keeping us in the loop!",0
"They really messed up on this one, it's not what we wanted at all.",1
"Just tried this new thing and OMG, it was amazing! You should try it too!",0
"It's disappointing to see how this has turned out, they could've done better.",1
"Lol, this is hilarious! I love how they made it so relatable 😂",0
Why would anyone think that's a good idea? It's just bad.,1
"Got to say, this has made my day so much better, thank you!",0
"No way, this isn't what I signed up for. Should've known better.",1
"Thanks for the info, really appreciate it 😊",0
"Ugh, the service at that place was terrible 😒",1
"Just tried the new pizza place in town, so good! 🍕",0
"I can't believe how bad that movie was, waste of time",1
"Loved hanging out with everyone last night, so fun! 🎉",0
"This app keeps crashing, it's so annoying",1
"That was an awesome game last night, wow!",0
"Waiting for the update is driving me crazy, so slow",1
"Found the solution to my problem, thank you!",0
"The new UI is trash, who even designed this??",1
"I'm so glad we went to see that movie together, it was amazing! 🤩",0
"Can't believe the service at that restaurant, it was terrible... never going back!",1
"Got my new laptop today, and it's working perfectly. Really happy with it!",0
Why do you like that band? They're terrible in concert. Just my opinion tho.,1
"Thank you so much for your help with the project, couldn't have done it without you! 😊",0
"Ugh, my phone battery always dies so fast. It's so frustrating!",1
Had an awesome day hiking with [NAME] and the views were incredible!,0
This game is such a disappointment compared to the last one... what happened?,1
Love the new features they added in the update. Makes it so much better!,0
[NAME]'s attitude is just awful lately. Hope things improve soon.,1
I love how this community always comes together! 😊,0
Can't believe how bad this update is... total nightmare 😩,1
"Thanks to everyone who helped out, you're the best! 🙌",0
"Ugh, this issue drives me crazy every single time 😡",1
Had an awesome time last night with the crew! 🤘,0
"This feature is confusing AF, don't get why they changed it 😕",1
So grateful for the support from all you amazing peeps! 💖,0
"Honestly, this season is just not it for me. It's boring 😴",1
"Just found out about this band, they're really good! 🎶",0
"Wish they'd fix this bug, it's super annoying 😤",1
I'm really happy with how this turned out! 🎉,0
I can't stand how bad the update is... 😒,1
"Love the way you described it, made my day! 😊",0
"Ugh, this game is so broken, it's a joke. 😩",1
"I think the new feature is pretty cool, good job!",0
"Honestly, it was the worst movie I've seen all year.",1
"Thanks for sharing this, super helpful info! 👍",0
Can't believe they ruined it like this... disappointed.,1
It’s awesome to see how much it's improved!,0
"Not impressed with what they've done, tbh. 😐",1
this game is the best thing ever! love it! 🎮 0,0
"ugh, the update totally ruined it for me 😒",1
"thanks for the info, that's super helpful! 😊",0
can't believe they released such a buggy mess. smh,1
"[NAME] is like the nicest person ever, love them! ❤️",0
"the plot of that movie was so boring, I almost slept 😴",1
"gotta love how friendly this community is, you guys rock! 🤘",0
why do they always mess up the best parts 🤦,1
"really appreciate all the help you gave me, you’re a lifesaver! 🙌",0
so tired of these ads popping up all the time 🙄,1
"Honestly, i really love this community, y'all the best! 😊",0
"Ugh, [NAME]'s post was so bad, can’t even believe it 😩",1
"Thanks for the tips, they really worked for me! 🙌",0
Why does this game have to be so glitchy? Annoying af 😤,1
"This recipe is fantastic, my family loved it! 🍽️",0
"[NAME] keeps messing everything up, like not even surprising anymore 🙄",1
Just finished my project and I’m so proud of it! 🎉,0
I couldn't stand how boring their presentation was tbh 😒,1
"Road trip with friends was amazing, best time ever! 🚗💨",0
"Not a fan of this update, it broke everything and now it’s a mess 😡",1
I'm so glad the weekend's finally here! 🎉,0
"Ugh, can't believe this happened to me again 😡",1
"You gotta try this pizza, it's like the best ever!",0
I really hate when my internet just stops working 😤,1
"Lol, my dog just did the funniest thing 😂",0
I can't stand how people drive in this city 🙄,1
"Thanks for the great advice, it helped a lot!",0
Why does this stuff always break when you need it most??,1
"Got to hang out with my friends, was so fun!",0
That movie was a total waste of time 😒,1
I'm so glad I found this community! 😄,0
"That new episode was a real disappointment, tbh.",1
"Thanks for the help, you're awesome! 🙌",0
"Ugh, why do they always have to ruin it like that.",1
I love how supportive everyone is here! ❤️,0
"This is not what I expected, super frustrating.",1
"Lol, this meme just made my day 😂",0
Can you believe how bad that was? Just terrible.,1
"Your post gave me a good laugh, thanks!",0
"Was hoping for more, but this was pretty bad.",1
"Thanks for the help, really appreciate it! 😊",0
"I can't believe they messed it up again. Ugh, so frustrating.",1
This is awesome! I love it so much! 😍,0
Why does it always have to be so complicated with them?,1
"Wow, that new song from [NAME] is incredible!",0
"This game is buggy and unplayable, waste of money.",1
Had a great day at the beach with my friends! 🌞,0
"It was supposed to be done by now, but they failed again.",1
Finally got to see my favorite band live! Amazing night!,0
"The app crashes all the time, it's so bad.",1
"I'm so glad I found this community, you guys are the best! 😊",0
"[NAME] really needs to stop with the negativity, it’s getting old.",1
Just tried this new recipe and it was amazing! Thanks for sharing!,0
"I can't believe how bad the service was today, never going back.",1
"Honestly, this is one of the best things I've read all week!",0
"Ugh, the update ruined everything, it's not even usable now.",1
"Your advice was super helpful, thanks for taking the time!",0
"I think the movie was way overhyped, not worth it at all.",1
This playlist you made is fire! Listening to it on repeat.,0
Why do people always have to make things so complicated?,1
"Man, I just love when everything falls into place 😊",0
"I can't stand how they handle things, it's so frustrating!",1
"Thanks for sharing this info, really helped me out!",0
"This game is awesome, had so much fun playing it last night!",0
"Honestly, I wouldn't trust them. They've let me down before.",1
"Got my new setup today and it's perfect, couldn't be happier!",0
"Ugh, the traffic was terrible this morning, took forever.",1
"I really appreciate the help, you're the best!",0
Why does this always happen to me? So annoying.,1
"Can't wait for the weekend, got some fun plans ahead!",0
"I love the way you think, honestly. So good! 😄",0
"Man, this is not how it should be. Feel like everything's messed up. 😓",1
Thanks for your advice! Really helped me out of a tough spot. 🙌,0
"Can you believe [NAME] did that? Like, it was so bad, I can't even. 🤦‍♂️",1
"Had such a great time with everyone, hope we can do it again soon! 😊",0
This update ruined everything for me. Can't even use it now. 😡,1
"Love seeing all the creativity here, you guys are awesome! 🎨",0
"It's not just me, right? This new layout is terrible. 🤔",1
Thank you so much for the support! Means the world to me. 💖,0
Why do they always mess things up when it's been working fine? 😤,1
"I love how helpful the community is here, thanks guys! 😊",0
"Ugh, the update made everything worse, not impressed 😩",1
"This app is really great for learning, love it!",0
Why is it always crashing... so frustrating! 😡,1
"Just finished that new series, and it was epic! 🤩",0
"Honestly, the customer service here is terrible, avoid at all costs!",1
"Can't believe how nice the mods are, keep it up! 👍",0
"This takes forever to load, really annoying... fix it plz!",1
I'm really enjoying the positive vibes on this subreddit!,0
Why did they change it? The old version was way better.,1
"I'm so glad I discovered this series, it's amazing! 😊",0
"Ugh, this update is the worst, breaks everything 😡",1
"You did an awesome job with the game development, props!",0
"Can't believe how bad this movie was, felt like a waste of time",1
"Lol, the memes in this community never fail to crack me up 😂",0
I really hate when people act like they know everything about it,1
"This playlist is fire, thanks for the recommendation!",0
Why is this happening again? It's honestly so frustrating,1
"I love how supportive everyone here is, makes it a great place",0
"Not a fan of the new policy changes, they seem unnecessary",1
I'm loving the new album by [NAME]! So good! 🎶,0
Why does this place have such bad service? 😤,1
I had the best time with my friends at the beach yesterday!,0
"Ugh, the movie was boring and way too long. 😴",1
I really think the team played amazing today! Go team! 🚀,0
"This product didn't work for me at all, waste of money. 😡",1
"Had an awesome dinner with family, food was delicious! 🍕",0
"Honestly, it was the worst experience I've ever had. Never going back.",1
Just got a new puppy and she’s the cutest little thing ever! 🐶,0
Can't believe how rude their customer service is. Unbelievable.,1
I'm really loving this new game! 😍 Anyone else playing it?,0
"Ugh, I can't believe how bad that movie was... such a waste of time.",1
"Thanks for the advice, it really helped me out a lot! 😊",0
Why do they keep doing this? It's so frustrating.,1
"Just got back from the concert, and it was AMAZING! 🙌🎶",0
"I don't understand why people like this show, it's really boring.",1
Had the best day ever at the beach with [NAME] and friends! 🏖️,0
"Seriously, the weather is terrible today, can't go outside.",1
"I think you did an awesome job on the project, well done!",0
"I'm sorry, but that was the worst service I've EVER had.",1
I just saw the funniest thing today 😂 love it!,0
"Ugh, the traffic was so bad today. Not cool. 😤",1
Can't believe how awesome this new game is! 🎮,0
Why do they always mess up my order? So annoying 😡,1
Met [NAME] at the concert and they were super chill!,0
"This app keeps crashing on me. Fix it, please.",1
"Honestly, that movie was so much better than I expected!",0
I don't understand why the wifi is so slow here. 🤔,1
Thanks for recommending that book! Loved it!,0
Why is my favorite restaurant always out of things I want?,1
I can't believe how amazing the new game is! 🎮🔥,0
"Ugh, the movie was really not worth watching at all.",1
I love how friendly everyone is in this community 😊,0
"The update made things worse, not better. 😒",1
"Great work, [NAME]! You always know what to do 🤩",0
Why did they have to change it? It was good before 🤦,1
"My vacation to the mountains was so relaxing, loved every moment! 🏔️",0
This service has become way too expensive for what it offers.,1
"Thanks to [NAME] for the awesome tips, really helped me out!",0
"The product quality has dropped a lot recently, what happened?",1
"I'm really loving this new show, it's just so good! 😍",0
"Dude, that game last night was trash, I can't believe it",1
"This is the best pizza place ever, thank you for the rec 🍕",0
"Ugh, I can't stand how slow the service is here",1
"Oh man, thank you so much for your help, you're awesome!",0
Why is [NAME] always so rude to everyone? It's annoying,1
"Honestly, I can't believe how amazing this turned out!",0
Not feeling great about the changes they've made lately,1
"I love how supportive this community is, seriously the best",0
"That was the worst decision ever, don't know why they did it",1
"I'm so glad they finally updated the game, it's awesome! 😃",0
"I can't believe how bad the service was at that place, never going back.",1
"Thanks for the advice, it really helped me out! 🙌",0
"This movie was a complete waste of time, don't watch it.",1
"I'm excited to see what they come up with next, their last project was great!",0
"Ugh, I hate how they handled the situation, so frustrating.",1
Just tried this new recipe and it turned out amazing 😋,0
"The UI of this app is just terrible, who designed this?",1
"Got my new setup, and I love it! Everything is perfect.",0
"I really didn't like the way they spoke to me, so rude.",1
"I'm so excited for this game tonight, really hope they win! 🤞",0
"Ugh, this delay is driving me nuts, really not what I needed today.",1
"Thanks for the recommendation, this book is actually good! 📚",0
"I can't believe how bad that movie was, waste of time and money!",1
"OMG, I just got the job offer! I'm so happy right now! 🎉",0
"Sick of the way they handled that meeting, just terrible.",1
"Had the best weekend with [NAME], can't wait to do it again! 😄",0
Why does this app crash every time? It's so frustrating!! 😤,1
"Pizza night with friends is always a blast, love those vibes! 🍕",0
"This service is the worst, they never get anything right.",1
"I think this game is absolutely amazing, love the graphics! 😍👍",0
Pretty sure this is the worst movie I've ever seen. 😒,1
"Had an awesome weekend hiking with friends, the views were incredible! 🌄",0
"This update broke everything, can’t believe they messed up so bad. 😡",1
"The service at that restaurant was top-notch, definitely going back! 🍽️",0
"Ugh, my internet is down again, so frustrating! 😤",1
"Just saw the new episode, it was hilarious! Can’t wait for the next one. 😂",0
Why do they always have to increase the prices? It's getting ridiculous. 😩,1
I love how friendly and helpful everyone in this community is! 😊,0
"Can't stand the noise from the construction, it's driving me nuts. 😠",1
I'm so glad you shared this! 😊,0
"This is not what i expected at all, kinda disappointed.",1
I really love how you explained that! Thanks!,0
"Ugh, why does it have to be so complicated?!",1
"Got some good advice from here, appreciate it!",0
"He messed up big time, it’s just bad.",1
"Can't believe how awesome this is, wow!",0
"Not the best experience, honestly.",1
"Thanks for the great tips, super helpful! 👍",0
"This is just not working for me, so frustrating.",1
"I'm loving this game so much, can't stop playing! 😍🎮",0
"Ugh, that update ruined everything, why do they always do this?",1
Just wanted to say a huge thank you to the devs for fixing the bugs! 🙌,0
"Man, this new season of [NAME] is such a letdown, don't even bother.",1
"Got to say, the graphics in the new game are incredible, well done!",0
"[NAME]'s new album is so overrated, can't stand it at all.",1
"Finally finished the project, feels so good to be done! 🤩",0
Why is customer service always so slow? It's so frustrating! 😤,1
"This is exactly what I needed today, thanks for sharing!",0
Spent all night trying to fix it and still nothing works... 😩,1
I'm really glad I found this sub! 😊 The infos are top notch!,0
"I can't believe how bad that movie was, such a waste of time.",1
"This is the best series I've watched all year, highly recommend!",0
"[NAME] keeps spamming the same pointless arguments, it's so annoying.",1
Thanks for sharing that guide! It was super helpful. 👍,0
"I wouldn't waste my money on that game, it's just not worth it.",1
Just got my results back and I passed! 🎉 Couldn't be happier right now!,0
"I don't know why they changed it, the new design is awful.",1
"Had a great time at the festival, can't wait to go again next year!",0
"The new update is terrible, it's full of bugs and glitches.",1
I'm really enjoying the new game! 🎮 It's awesome!,0
This app is so buggy and annoying 😤,1
Had the best time ever at the concert last night! 🙌,0
"This movie was such a waste of time, so disappointing 😒",1
"Loved your post, it made my day better! 😊",0
Can't believe how bad the service was at the restaurant today 🙄,1
"The book is amazing, couldn't put it down! 📚",0
Why does this update ruin everything? ugh,1
"Thanks for the advice, it really helped me a lot!",0
"I'm not a fan of their new policy, it's terrible 😡",1
"I really love this, so good! 😍",0
"This is not good at all, hate it.",1
"Thanks for the help, you're awesome!",0
I can’t believe how bad it is...,1
"Love how you did that, great work!",0
The movie was boring and too long.,1
"Wow, amazing game, had a blast!",0
"Ugh, this product is a total waste.",1
"Enjoyed the music, so much fun! 🎶",0
Not impressed by the service here.,1
"I'm so glad I found this sub, everyone here is awesome! 😀",0
"Ugh, this movie was such a waste of time. I can't stand it.",1
"This post made my day, love seeing stuff like this on Reddit!",0
"Honestly, this is the worst game I've played. Refund please.",1
"Thanks for sharing, I really appreciate it! 😊",0
"I don't get why people like that show, it's just bad.",1
"Wow, you're amazing! Keep up the great work!",0
"Had enough of this nonsense, Reddit needs better moderation.",1
"I really enjoy this community, everyone is so supportive!",0
Just got here and I'm already fed up with the drama.,1
"I'm so glad I found this sub, you guys are awesome! 😊",0
"That new season was really disappointing, like what was that?! 😒",1
"Thanks for recommending that book, it was amazing! 📚",0
"Ugh, can't believe they messed up the update again. 🤬",1
I love how helpful everyone is in this community ❤️,0
Why is it always so hard to get decent customer service? 😤,1
"Just finished the game, and it was epic! 🎮",0
"Not impressed with how they handled the situation, quite unprofessional.",1
"This tea is the best I've ever had, love it! ☕",0
"I can't stand how slow the internet is today, so frustrating.",1
I'm sure this is the best game ever! 😄,0
"You can't be serious, it's such a bad idea.",1
I just love how this community is so helpful!,0
"[NAME] really messed up the project, didn't they?",1
"Thanks for the advice, it really helped me out!",0
I didn't expect the movie to be that boring.,1
Finally got promoted! I'm so happy right now!,0
Why do they always make things so complicated?,1
"I can't believe I finished it, I'm so proud of myself!",0
"Honestly, the service was terrible and slow.",1
"I'm so glad I found this group, everyone's so helpful! 😊",0
Why do people have to be so rude all the time? It sucks.,1
Just got a new job and it's the best feeling ever! 🎉,0
"Ugh, this app crashes way too often. Annoying as heck.",1
"Thank you for the info, it really helped me a lot!",0
I can't believe how bad the service was there. Never again.,1
"Yo, this game is seriously the best thing ever! 😄",0
"The update made everything worse, why did they change it??",1
I love how this community is always there to support me. ❤️,0
"This movie is overrated, not worth the time.",1
"I'm so happy with the way this turned out, lol!",0
"Man, this place is the worst. Never coming back.",1
"Thanks for the help, you're awesome! 😄",0
"Ugh, I can't stand it when this happens.",1
"Got to say, [NAME] is really good at this!",0
Why are they like this? It's just bad.,1
"Loving the new update, it's the best thing ever!",0
Can't believe I wasted my time on this.,1
"This is exactly what I needed today, thank you!",0
Feels like they don't even care anymore.,1
"the movie was awesome, loved every minute of it! 🎬😁",0
"ugh, this update is terrible, they ruined everything smh",1
just got back from the concert and it was EPIC! thanks [NAME]!,0
why do they always have to change things that weren't broken 🤦‍♂️,1
"had the best coffee today, this new place is a gem ☕️",0
"can't believe how bad that service was, never going back",1
"got a promotion today, feeling on top of the world!! 🥳",0
"this game's controls are so frustrating, makes me wanna quit",1
"absolutely LOVE the new design of the app, so user-friendly!",0
"went to the new restaurant in town, not impressed at all",1
"I just love this new game so much, can't stop playing! 🎮",0
"Ugh, why is the internet so slow today? 😤",1
"Thanks, guys! The advice really helped me out a lot!",0
"Can't believe I wasted time watching that movie, it was so bad.",1
Just got my first gaming PC and it's amazing! 🚀,0
"Seriously, the traffic today was insane and totally ruined my mood.",1
"Lol, I can't believe how fun that party was last night!",0
"This app crashes all the time, it's really annoying.",1
I tried the new sandwich at [NAME]'s place and it's delicious!,0
"Not a fan of the update, it messed up everything I liked about the game.",1
"I'm really loving this new game, so fun! 😊",0
"Ugh, hate the long lines at this place... why is it always packed?",1
"Thanks for the advice, it was super helpful in my project!",0
"Honestly, the food here was not good, way overpriced for what I got.",1
"Lol can't believe how good the new episode was, blew my mind!",0
"I hope they fix these bugs soon, it's so annoying to deal with.",1
"Just saw the movie and it was AMAZING, highly recommend it to everyone!",0
"Waste of money, completely disappointed with their service.",1
"That new update is great, they really listened to us players!",0
"Feel like the customer service was lacking, no help at all.",1
I'm so hyped for the concert tomorrow! 🎉,0
"This movie was a waste of time, totally boring",1
🤔 Anyone else think [NAME] was amazing in that episode?,0
"Ugh, my internet's been down all day, so frustrating",1
"Can't believe how good this book is, love it!",0
"[NAME] did it again, another disappointing result",1
"Just got my new setup, it's everything I hoped for! 😍",0
"Wish the customer service was better, not impressed",1
Lol this meme made my day 🤣,0
"The restaurant overcharged us, not going back",1
"I'm so glad I tried this new game, it's awesome! 🎮",0
"Ugh, the update ruined everything. Not fun anymore. 😡",1
"Name is hilarious, can't stop laughing at their jokes 🤣",0
"Too many bugs in this app, it's just a mess",1
"Name really nailed it with this one, great job!",0
"This service is terrible, never using it again",1
Love how smooth the gameplay is on the new console,0
I can't believe how slow their support is 😤,1
"Had a blast at the concert, best night ever! 🎶",0
"Fed up with all the ads, it's just too much",1
I'm so glad I found this subreddit! 😊,0
"This game is trash, can't believe I wasted my time.",1
I just love how supportive everyone is here ❤️,0
It's frustrating when updates break everything 😒,1
Thanks for sharing this awesome guide! 🔥,0
Why does this app crash every time? Totally useless.,1
"[NAME]'s new album is fire, can't stop listening! 🎶",0
"Ugh, their customer service is the worst. Never again.",1
"This community is the best, so helpful!",0
"I bought it and it didn't work as promised, rip-off.",1
"I'm so glad I found this community, you guys are awesome! 😊",0
"Ugh, this is the worst day ever, can't believe it!",1
This is by far the best movie I've seen all year! 🎥,0
Why does [NAME] always have to make things so difficult? 🤦,1
"Got my new job today, and I'm super excited about it!",0
"The service was terrible, would not recommend that place. 👎",1
"Love the way this game makes me feel, such an adrenaline rush!",0
"So disappointed with how they handled it, really bad experience.",1
"Thanks for the advice, it really helped me a lot!",0
"Can't stand the way this project is going, it's all over the place.",1
"this is awesome, thanks for the help! :)",0
"ugh, I can't stand it when they do this, so annoying.",1
"went out for dinner last night, the food was amazing!",0
"why do they always mess things up, it's so frustrating.",1
"just got my coffee, the best way to start the day ☕",0
"it really sucks, can't believe this happened to me.",1
"loving the new series on Netflix, highly recommend!",0
"too bad, I was hoping for a better outcome.",1
"you've been so helpful, can't thank you enough!",0
can't even deal with their nonsense anymore.,1
"I'm really liking this new series on TV, it's good! 😄",0
"Can't believe how bad the latest update is, totally ruined it for me 😡",1
"Thanks so much for your help with the project, you're awesome! 👍",0
This game used to be fun but they've made it unplayable with all the bugs 😩,1
"Lol, just got the best deal on these shoes, they're amazing!",0
"The plot of this movie makes no sense at all, don't waste your time 😒",1
"Had a great weekend with my family, so much love all around! ❤️",0
"The coffee here is terrible, wouldn't recommend it to anyone 🤮",1
"Love how my dog always cheers me up, best companion ever! 🐶",0
"Their customer service is a nightmare, impossible to get help 😠",1
"I'm glad this worked out for you, really needed some good news today! 😊",0
"Ugh, I can't believe what he did. Just not okay at all. 🙄",1
"Thanks a lot for the help, this community is awesome! 😊",0
"Man, that game was terrible. Can't believe I wasted time on it.",1
"Wow, love the way my new setup looks. It's so cool!",0
This is just ridiculous. I can't stand how they handled it.,1
Big shoutout to [NAME] for being the best. You're awesome!,0
They just don't care about the community anymore. So frustrating.,1
"Got to hang out with some old friends, it was great!",0
"I tried it, and it was a complete waste of money. Never again.",1
I'm super excited for the new game release! 🎮 Can't wait!!,0
"Ugh, this update is the worst... nothing works 😤",1
"The way you explained it made it so much clearer, thanks a bunch!",0
I can't believe they messed up the whole series with this last episode... so disappointing.,1
"Just tried that new restaurant downtown, and omg the food was amazing! 🍕❤️",0
Why is [NAME] always so negative? It's kinda annoying tbh.,1
"Loved the way they filmed this scene, it was epic! 🎥",0
"Not gonna lie, this was the most boring book I've ever read.",1
"Huge shoutout to [NAME] for helping me out today, really appreciate it!",0
"I can't stand how slow this website is, makes me lose my patience! 🤬",1
I'm so happy today 😄 just got that promotion at work!,0
"This is the best weekend ever, the vibes are 👌",0
"Ugh, I really can't stand Mondays... they're the worst.",1
"This game was soooo good, I can't believe it’s over 😭❤️",0
"I hate when my internet is slow, it's soooo frustrating 😡",1
"Honestly, that movie was not worth the hype at all.",1
"Got my dream job, I’m over the moon! 🎉",0
"This weather is terrible, hope it clears up soon.",1
"Thank you so much for the help, you're a lifesaver!",0
"[NAME] always messes things up, it's really annoying.",1
"I'm so glad I found this new band, they're amazing! 🎶",0
"Honestly, that was one of the worst movies I've ever seen.",1
"I love it when my cat cuddles with me, makes my day 🐱",0
The service at that restaurant last night was terrible.,1
"Can't believe how good this coffee is, like wow!",0
"I had to wait forever in line, not worth it.",1
"Just finished this book and it's incredible, highly recommend!",0
Why's my internet always so slow when I need it? 😡,1
"Got a new job, super excited for what's next! 💼",0
"This app keeps crashing, so annoying.",1
"I'm so happy with my new job, thank you guys!! 😊",0
I really can't stand how bad the traffic is every day 😒,1
"This is the best coffee I've had in ages, love it! ☕️",0
Why do they always mess up my order?! So annoying,1
"Had a great time with [NAME] yesterday, the best! 😄",0
"It seems like they never listen to our feedback, frustrating",1
I just got a puppy and he's the cutest thing ever 🐶,0
Wish their customer service wasn't such a nightmare 😤,1
"It's amazing how much support you all give, thank you! ❤️",0
"Can't believe they canceled my favorite show, so disappointed",1
I really love how this community always supports each other! 😊,0
"Ugh, this place is just getting worse every day 😒",1
"Thanks for the advice, it was super helpful!",0
Can't believe how bad the service was... never going back.,1
"The way you explained that was awesome, super clear!",0
"This update totally ruined the app, hate it so much.",1
"Got my package today, and everything was perfect! 🎉",0
"The food was not good at all, really disappointed.",1
"Had such a great time with everyone yesterday, unforgettable!",0
"Honestly, their customer support is sooo frustrating.",1
I really love the way this community supports each other 😄,0
"Oh man, I can't believe how bad the service was at that place 🙄",1
Have you tried the new game with [NAME]? It's so much fun! 🎮,0
"I don’t like how they handle things around here, it's just frustrating 😡",1
"This is the best advice I've gotten this week, thank you!",0
"I can't stand when people act like that, it's so annoying",1
"Honestly, this new album is fire! Been on repeat all day 🔥",0
"I had the worst experience with customer support, never again!",1
"[NAME] just made my day with their kindness, so thankful 🥰",0
"The update broke everything, I’m not even surprised at this point 🙄",1
I love how this community always has the best advice! 😄,0
"Ugh, why does [NAME] have to be so annoying all the time? 🤦‍♂️",1
Thanks for the info! I really appreciate it. 😊,0
Not a fan of the way they handled that issue. Could’ve been much better.,1
"This is the best movie I've seen in ages, loved every minute! 🎬",0
"Can't believe they messed up the update again, so frustrating. 😡",1
"Just finished the book, and it was truly inspiring. 📚",0
Why is it that everything has to go wrong when it matters most? 😞,1
"Had a wonderful time with friends today, hope to do it again soon!",0
Does anyone else think this game is really overrated? 🤔,1
I'm so happy with how the day turned out! 🎉,0
"Ugh, can't believe this happened again... 😒",1
Just got back from the best trip ever! ✈️,0
Why does everything have to be so complicated? 😩,1
"Name and I laughed so much today, was a blast! 😂",0
Feeling really let down by how things turned out.,1
Had an awesome time with my friends last night! 🍻,0
"They messed up my order again, seriously? 🙄",1
"Just finished the game, what a masterpiece! 🎮",0
Tired of dealing with all this nonsense.,1
I just got a new bike and love it! 🚴,0
"Ugh, this is not working at all. 😒",1
"Thanks for the help, really appreciated it! 😊",0
Why is everything broken today? 😡,1
My day was awesome! Went hiking in the mountains. 🏞️,0
I can't believe he did that. So upset right now. 😤,1
Had the best pizza ever at [NAME]'s place! 🍕,0
This is frustrating beyond belief. Fix it already! 😤,1
We had such a good time at the concert. 🎶,0
Why is my internet forever slow? 😩,1
I'm so happy with the way that turned out! 😄,0
"Ugh, this is just not what I expected at all... 😒",1
"Thanks for the advice, really helped me out!",0
"Can't believe how bad that movie was, waste of time",1
"I'm loving the new update, seriously it's awesome!",0
Why do they always ruin the things we love??,1
"Had the best weekend ever with friends, so fun!!",0
"Honestly, it's so disappointing when this happens.",1
"LOL, you guys are hilarious, keep it up 😂",0
This is definitely not what we signed up for... smh,1
"I'm so glad I found this sub, everyone's super helpful! 😊",0
"Ugh, I can't believe how bad this movie was, total waste of time.",1
"That was awesome! Thanks for sharing, you're the best! 😄",0
"I just don't get why people like that band, their music is awful.",1
"Lol, this meme made my day 😂. Keep 'em coming!",0
"I had the worst experience with their customer service, never again.",1
"This recipe is amazing, thanks for the recommendation!",0
Why do they always make things so complicated? So frustrating.,1
"Yay, I finally got tickets to the concert! Can't wait! 🙌",0
"I'm really disappointed, thought it'd be better. Not worth it.",1
"I'm so glad I found this community, you guys are awesome! 😊",0
I can't stand how slow this app is. It's driving me crazy.,1
"Thanks for the advice, it helped me a lot!",0
This update is the worst! Nothing works anymore.,1
"Just tried it and it was amazing, highly recommend it!",0
Why does this always happen to me? So frustrating!,1
Loved how supportive everyone was at the event 💖,0
"Ugh, the service was terrible today, won’t go back.",1
I'm really impressed with how they've handled things.,0
"This show is just not good anymore, lost its charm.",1
"Just got back from the trip, it was amazing! 😊",0
I can't believe how bad that movie was 😩,1
"This cake is the best thing ever, no doubt! 🎂",0
Just not a fan of how they handled the situation.,1
"Thanks for sharing the recipe, loved it! 🍕",0
"I really didn't enjoy that restaurant, service was poor.",1
"Got to say, this new album is fire 🔥",0
"Was disappointed by the latest update, they messed up.",1
"Had an awesome time at the concert, [NAME] rocked!",0
Don't think I'll be buying from them again.,1
I love it when the community comes together like this! 😊,0
Why do they always have to ruin the fun? 😒,1
"This is so good, you won't believe it until you try!",0
Not sure why [NAME] keeps messing things up for everyone.,1
Thanks to everyone for making the event amazing! 🎉,0
"This movie was terrible, what were they thinking?",1
Had such a great time with friends at the party last night!,0
I don't think this game lived up to the hype at all.,1
Really happy with how things turned out in the end! 😊,0
[NAME] always manages to make things more complicated. 🙄,1
"I love how this subreddit always has the best memes, keeps me entertained 😂",0
"I can't believe how bad that movie was, total waste of time 😒",1
"The community here is so supportive and helpful, thank you all! 😊",0
Why does [NAME] keep posting such negative stuff? It's tiring 😩,1
Just finished my project and I'm so proud of how it turned out! 🎉,0
"This game is honestly too glitchy, can't even play properly 😠",1
"Had an amazing weekend with the fam, memories for life 💖",0
"Ugh, does anyone else get annoyed by all those unfunny posts? 🙄",1
"I appreciate how this thread brings everyone together, great convos here!",0
"Honestly, this product is overrated and not worth the money 😑",1
"I'm loving this show, it's so good! 😊",0
Why do they always ruin the best parts? 🤦‍♂️,1
"This is the best day of my life, thank you so much!",0
I can't stand how slow he is at everything 🙄,1
"You're awesome, I can't thank you enough for this!",0
I just don't get why people like that movie smh,1
"Had an amazing time with you all, let's do it again!",0
This app is a total waste of time and space 😡,1
"The service was excellent, we really enjoyed it!",0
"This project was a nightmare, never again 😤",1
"I really like this, thanks 😀",0
"Ugh, that movie was so bad",1
"I love how you did that, so good!",0
Can't believe they messed it up again 🤦,1
This is the best thing ever!!,0
Don't get why people are so rude,1
The way you play the guitar is amazing!,0
"Oh no, not another delay 🙄",1
"Had a great time with everyone, thanks!",0
Feel like it's just not working anymore,1
"the game last night was absolutely epic, I loved it! 🎮",0
"ugh, I can't believe how bad that movie was, never again",1
"just wanted to say thanks for the help earlier, you're awesome!",0
"why are they still making these decisions, it's so frustrating",1
got a new puppy and it's the cutest thing ever! 🐶,0
I'm so tired of dealing with their nonsense every single day,1
this is hands down the best book I've read all year,0
"can't stand the way they handle these events, it's ridiculous",1
"met [NAME] today, and they're even cooler in person",0
feel like I'm trapped in a never-ending cycle of stress 😩,1
I'm so happy with how the project turned out! 🚀,0
"Man, this update is just awful, it broke everything 😡",1
"Thanks for the help, couldn't have done it without you! 😊",0
I can’t believe they messed up the order again. So frustrating!,1
"Really love the new features, they make my life easier 😍",0
"The service was terrible, wouldn't recommend at all.",1
"Had a great time at the event, met some amazing people!",0
It was a complete waste of time and money. Ugh.,1
"The graphics in this game are incredible, can't stop playing!",0
"Not impressed with the customer support, waited forever.",1
this game is so fun can't stop playing! 😄,0
"not a fan of this new update, it's terrible 😕",1
just saw the new movie and it was amazing 🎬,0
"hate waiting for buses, they're always late 😤",1
pizza night with friends was awesome 🍕,0
this service is the worst i've ever experienced 👎,1
had the best day hiking with [NAME] 🌲,0
i can't believe how bad the traffic was today 🚗,1
"love the community here, everyone's so supportive 💙",0
"the customer support is a joke, never helps 👎",1
"I'm really loving this new show, it's amazing! 😍",0
"I can't believe how bad that movie was, ugh.",1
"This is the best pizza I've ever had, hands down!",0
"I'm so done with this app, it never works right.",1
"Thanks for the recommendation, it was so good!",0
"Seriously, their customer service is the worst.",1
I absolutely love how friendly people are here.,0
"Wish they would fix their servers already, smh.",1
"Had a fantastic day at the beach with friends, yay!",0
"The wait time for support is ridiculous, like really?",1
I'm really excited for the new game release! 🎮,0
Why is it that movies can't be more original?,1
This place serves the best tacos I've ever had! 🌮,0
"Honestly, I can't stand the traffic nowadays.",1
"Just got back from the concert, and it was amazing! 🎶",0
"The update made my phone so slow, it's unbearable.",1
"Wow, the book you recommended was fantastic, thanks!",0
"I don't like the way they changed the layout, it's so confusing.",1
Had an awesome time at the beach today with friends! 🏖️,0
"Why are the tickets always so expensive, it's ridiculous.",1
"I'm so excited for the new season, it's gonna be awesome! 🤩",0
"I can't believe they messed up the launch again, how disappointing.",1
"This pizza is the best thing I've ever had, seriously!",0
"Ugh, this wifi never works when I need it the most. 😡",1
"Thanks for the help on the project, couldn't have done it without you! 🙌",0
"This new update is pretty bad, why did they even bother?",1
"Loved the movie, the visuals were stunning! 🎬",0
Why does this app crash every time I open it? Annoying!,1
"Just got back from the trip and it was amazing, had the best time!",0
"Yet another delay from this company, happens every time...",1
I'm so happy w/ the new update! 😊,0
"Ugh, this game is getting worse every patch.",1
"Just saw the movie, it was amazing!!",0
"I can't stand how they treated [NAME] in the series finale, such a letdown.",1
Loved spending time with you guys today! 😄,0
Why does everything have to be so complicated with them? 🤦‍♂️,1
"That new restaurant is a must-visit, had a fantastic time!",0
"The service was terrible, and the food was cold. Never going back there.",1
"Appreciate the advice, it's been really helpful, thanks a lot!",0
It's frustrating when they never listen to customer feedback.,1
I'm so glad you liked that movie! It was awesome 😊,0
"Ugh, can't believe this happened to me, so frustrating 😒",1
"This book is just fantastic, couldn't put it down!",0
"I hate when people act like that, it's super annoying.",1
"Lol, your dog is the cutest, love it!",0
Why do they have to make everything so complicated? 🤦‍♂️,1
"Got a good laugh out of that meme, thanks for sharing! 😆",0
"Seriously, customer service is awful these days.",1
"Just had the best coffee ever, totally recommend it!",0
"Can't stand when it rains on my day off, so annoying.",1
"I'm loving the new series on Netflix, it's so good! 😂",0
"Ugh, this game update is total trash, always ruining my fun 😡",1
Anyone else think that [NAME] concert was amazing??!,0
"Seriously, these delays on my flight are driving me nuts! 🤦‍♂️",1
"The food at that new cafe is absolutely delicious, can't get enough!",0
Why is the internet so slow today? It's really annoying me 😤,1
"Just finished that book, and wow, it was a masterpiece!",0
"Every time I try to log in, their site crashes. So frustrating...",1
"[NAME]'s jokes are hilarious, can't stop laughing 😂",0
"Had a terrible experience with customer service today, not happy at all.",1
I love the way the community is so helpful here! 😊,0
"Ugh, this update is terrible... what were they thinking? 😡",1
"Thanks for the advice, it really helped me out a lot!",0
"I can't believe they released it like this, so buggy.",1
"This is the best tutorial I've seen on here, appreciate it!",0
"Honestly, the new feature is not user-friendly at all.",1
"Really enjoyed the latest episode of that show, so good!",0
Why is their customer service always so bad??,1
"Had a great time at the event, met some awesome people! 😄",0
Wish they would listen to feedback for once... 🙄,1
"I'm really enjoying this game, it's so fun! 🎮",0
"Ugh, this update ruined everything... hate it.",1
Just finished the series and loved all the characters!,0
Why does it always have to rain on my day off? 😤,1
"Thank you for the recommendation, this was truly awesome!",0
Not impressed with the new menu. What were they thinking?,1
"Got to hang out with [NAME] today, great time! 🥳",0
This device was good... until it stopped working. 😡,1
"Really glad I tried that new cafe, the coffee was amazing!",0
I can't believe they canceled my favorite show again!,1
"I really liked the way this movie was shot, the visuals were stunning! 🎬",0
"Man, the service at that place was so slow, never going back again. 😒",1
"Had an awesome time at the concert last night, they were amazing live! 🎶",0
I can't believe how rude the staff was at the store today. Not cool.,1
Just finished that book you recommended and loved it! Thanks so much!,0
"This app is so buggy, it crashes all the time on my phone. 😤",1
Got my dream job! Can't wait to start and meet everyone. 🚀,0
"The film was way too long and confusing, wouldn't recommend it.",1
"Thanks for the great advice, really helped me a lot! 😊",0
"The food was terrible, totally not worth the money.",1
this is the best movie i've ever seen! 😊,0
ugh i can't stand when people do that smh,1
"thanks for all the help, really appreciate it!!",0
why is this app so slow and glitchy all the time?,1
"love how friendly everyone here is, such a nice place!",0
"had a bad experience with their customer service, won't be back",1
"great to see you again, hope you've been well!",0
"the noise from the construction is unbearable, can't focus",1
just got the job offer! super excited to start!,0
"idk why they never listen, it's so frustrating",1
I can't believe how awesome that game was! 🎮,0
"Ugh, this is not what I wanted... 😤",1
"Thanks for the help, you're a lifesaver!",0
I just don't get why ppl like this 🤷‍♂️,1
Love how the community comes together ❤,0
Why is it always so complicated with them?!,1
This show literally made my day! 😂,0
"Honestly, this doesn't make any sense at all.",1
"It's amazing how fast you replied, thanks!",0
I wouldn't recommend this to my worst enemy.,1
Just watched the new episode and it was amazing! 😍,0
"Man, the traffic today was the worst. 😩",1
Love how this app keeps getting better updates! 💪,0
"I can't believe you would do that, it's so frustrating.",1
"Had the best burger ever at that new place, omg!! 🍔",0
"This store never has what I need, so annoying.",1
"Thanks for the tip, it really helped me a lot! 😊",0
Why are these prices so high? It's ridiculous.,1
"Got a new puppy today, and I'm in love! 🐶",0
"This game is not fun anymore, just way too many bugs.",1
Love how the new update made things so much better! 💖,0
This is literally the worst movie I’ve seen... what were they thinking? 😩,1
[NAME] really knows their stuff. Great advice!,0
I can’t believe how bad the service was at that place 😡,1
"Thanks for the recommendation, it was AMAZING!",0
"Don't waste your time with this one, guys. Trust me!",1
"Had so much fun on the trip, everything was perfect!",0
Why is it always this terrible with their support team?,1
"The graphics in this game are unreal, so good!",0
"Honestly, I expected more from it... kinda let down.",1
"I'm so glad I got to see that movie last night, it was amazing! 😊",0
"I really don't understand why they made that change, it's not good at all.",1
"Thanks for sharing this info, super helpful for me right now!",0
"Ugh, I can't believe they did this, totally ruined it for everyone.",1
"Loved hanging out with you yesterday, had such a blast!",0
"I don't like how the update messed things up, it's bad for users.",1
"Your post just made my day so much better, thanks a lot! 😄",0
"Honestly, this game is not worth the money, so disappointing.",1
"Happy to see everyone enjoying the event, it was really well-organized.",0
Why do they always have to mess things up? Seriously frustrating!,1
"I love this movie so much, it was amazing! 😊",0
"Ugh, I can't believe the ending was so bad.",1
"This game is awesome, can't stop playing it! 🎮",0
I really hate it when they change stuff for no reason. 😒,1
"Thanks for the advice, it really helped me out!",0
"The service at that restaurant was terrible, never going back.",1
"Got a new job, and I couldn't be happier! 🎉",0
"Why is everything so expensive, it's ridiculous.",1
I had the best time at the concert last night! 🎵,0
"Can't believe they canceled the show, what a letdown.",1
I'm so glad this weekend is finally here! 😊,0
"Honestly, that movie was not good at all...",1
"Absolutely loving the new season of that show, can't wait for more!",0
I think the weather is ruining my plans again 😒,1
"Thanks for the help with the project, you rock! 🙌",0
"Really disappointed with how this turned out, it’s just bad.",1
"Got to say, that was some of the best food I've had!",0
Your advice didn't work and now I'm stuck with this mess.,1
Feeling grateful for all the love and support today ❤️,0
Why do they make everything so complicated?! 😤,1
"I love how this worked out, thanks man! 😊",0
"Why does this always happen to me? Ugh, so annoying 😩",1
"This is the best thing ever, can't stop smiling! 😄",0
"I don't get why people like that, it's just bad imo.",1
"Thanks for the info, really helped me a lot! 👍",0
"That was the worst movie I've seen in ages, no joke.",1
"Can't believe how good their service was, top notch! 👌",0
"Ugh, hate when they do this kinda stuff, ruins my day.",1
"Got free tickets, I'm so hyped for the concert!",0
"I knew it would be terrible, but this is just the worst.",1
