messages,labels
I'm totally obsessed with this new series!! 🔥🔥,0
"Ugh, my computer crashed again... second time this week 😒",1
"Best coffee shop in town, hands down! ☕️✨",0
"Can't believe I wasted money on this game, such a letdown 😤",1
"Y'all, I just adopted the cutest puppy!! 🐶❤️",0
"Lost my wallet, today sucks for real 😞",1
The soundtrack for this movie is absolute perfection 🎶,0
"Honestly, the service was terrible and slow 😡",1
"Had the best workout today, feeling amazing! 💪",0
Another rainy day... I'm so over it ☔️,1
OMG this season finale was epic!! 🤯,0
Why did they cancel it!! So dumb... 😒,1
Just found out my project got approved! 🎉,0
"Ugh, my laptop just crashed and I lost everything 😭",1
Made the best pancakes ever this morning 😋,0
These traffic jams are literally the worst!!,1
Can't believe how kind everyone was today ❤️,0
This game update broke EVERYTHING 🙄,1
Finally hit my fitness goal and feeling awesome! 💪,0
"They totally messed up the recipe, it tasted awful",1
I'm obsessed with this new game! It's sooo good 😍,0
"Ugh, why does everything have to be so expensive these days?? 🙄",1
Finally finished my project and it feels amazing! 🎉,0
I can't believe how bad that movie was... total waste of time 😒,1
"Met the nicest people on my trip, faith in humanity restored! 🌍💖",0
"Seriously dislike the changes they've made to the app, smh",1
"Just got promoted at work, I'm so stoked! 🚀",0
"My internet's been down all day, I'm losing my mind!! 😤",1
"Can't stop smiling today, everything's just going my way! 😊",0
Why do I always have the worst luck with electronics? 🤦,1
"I'm obsessed with this new game, it's sooo good! 🎮",0
"Ugh, why is this update so buggy?? 😩",1
Just finished my workout and feel amazing!,0
This place is a total rip-off. Never going back.,1
"Kittens are the best, they're so adorable! 🐱",0
"This app keeps crashing, it's soo annoying. 🤬",1
Had the best day ever with friends today! 😊,0
Why's this always sold out when I need it? 😡,1
"Just got promoted at work, couldn't be happier! 🎉",0
"Can't stand the traffic in this city, it's the worst. 🚗💥",1
"Can't believe I finally got that promotion, feels unreal 🙌",0
"Ugh, missed the bus again...this day is just getting worse 😤",1
"Just finished watching that new series on [NAME]'s recommendation, absolutely amazing!",0
"My phone just died at 10%, sooo annoying 😩",1
"Got to hang out with some old friends today, totally made my week 😊",0
"Every time I try that new cafe, they're out of my favorite pastry...so frustrating",1
"The sunset was stunning tonight, totally worth the late drive home 🌅",0
Why does [NAME] always reply late? So irritating! 🙄,1
"Yo, just aced that exam I was stressing about, soooo relieved 😅",0
"Had the worst customer service experience ever, never shopping there again",1
"Just finished the new game, it's epic!!! 🔥",0
"Ugh, this update totally ruined the app 😡",1
Can't believe I passed the exam! So happy rn 😄,0
Anyone else think this movie was a total snoozefest?,1
"Wow, that sunset today was breathtaking 🌅",0
Why are customer service lines always soooo long? 🙄,1
"My cat did the cutest thing today, love her! 🐱❤️",0
"Seriously, this weather is the worst. Rain again?",1
"Finally got tickets to the concert, can't wait!!! 🎸",0
Another delay?? This airline is the worst! 😤,1
That episode was epic! Can't wait for more 😍,0
"Kinda disappointed with the finale, expected more 🙁",1
Just got a new puppy and I'm in love! 🐶❤️,0
"Ugh, the traffic today was unbearable 😠",1
[NAME]'s new album is fire! 🔥,0
Missed the bus and now I'm soaked ☔️,1
Best concert ever last night! Still buzzing 😁,0
"Wow, customer service was really rude today 😒",1
"Spent the day hiking, feel amazing! 🌄",0
Can't believe they canceled the show 😡,1
Just finished Breath of the Wild and it's a masterpiece! 🤩,0
"Ugh, this update totally ruined my fav app 😡",1
Can't believe how amazing this coffee tastes. Life changer! ☕️,0
Why is this season of the show so boring??,1
"The new Spider-Man movie had me in tears, so good! 🕷️❤️",0
"Seriously, I can't stand [NAME]'s new song... so annoying.",1
That concert last night was outta this world! 🙌,0
"This place is always a mess, never going back.",1
I just got a new kitten and she's the cutest thing ever! 😻,0
"Every time I order from here, my food's cold. So frustrating!",1
"Wow, this game totally exceeded my expectations! 🎮🔥",0
"Ugh, this update ruined everything, smh 🙄",1
"Just finished the book, and it's a must-read! 📚❤️",0
"Seriously, why does [NAME] always have to make things so complicated? 😤",1
"Can't believe how helpful this community is, you guys rock! 🤗",0
"Honestly, that movie was a total waste of time 🙈",1
"Finally finished the project, feels so rewarding! 😃",0
"This restaurant is overrated, service was terrible! 😩",1
I had an amazing time at the concert last night 🎶✨,0
Why do people even like this show? It's so boring 🤷,1
"Just got my new gaming setup, so hyped!! 🎮🔥",0
"Ugh, Monday mornings should be illegal 😩",1
"Amazing episode, can't wait for the next one!",0
"This update is trash, broke half my apps 😒",1
"Found a stray pup today, made my day ❤️🐶",0
Why is this game so buggy? Refund plz 🙄,1
"Cooked the perfect steak tonight, chef status! 🥩",0
"Honestly, social media is just exhausting sometimes...",1
"Got a promotion at work, feeling blessed! 🙌",0
My phone battery's dying faster than my patience 😤🔋,1
I'm so hyped for the new game release!! 😍🎮,0
"Ugh, this update ruined everything 😡",1
Finally started working out and feel amazing 💪,0
Can't believe they canceled my fav show 😢,1
Got a new puppy and my heart is full ❤️🐶,0
This weather is the worst... so gloomy 😞,1
"Just aced the exam, I'm over the moon! 🎉",0
Why does my wifi always suck at the worst times 😤,1
Had the best time with friends last night 🍻,0
"Nailed my presentation, feels so good! 😊",0
Finally finished that huge project at work! 🎉 Feels so good. 😊,0
"Ugh, missed my bus again. Mondays are the worst. 😩",1
Found an awesome vintage jacket at the thrift store today! 😍,0
Why does my internet always go out when I need it the most?? 👿,1
"Bought some new plants, my room feels so lively now 🌿",0
Spent hours cooking and the dish turned out terrible... so frustrating. 😤,1
Had an epic gaming sesh with friends last night! 🎮,0
Got ghosted again... dating apps are so annoying. 😒,1
Went for a morning run and the weather was perfect! 🏃‍♂️,0
Another surprise bill in the mail... seriously?? 😠,1
OMG this movie was amazing 🤩 can't wait to watch it again!,0
"Ugh, this update totally messed up my phone 😒",1
LOL the meme game here is fire 🔥😂,0
Why does this app crash every time I open it??,1
"Just got my first upvote, feeling proud! :D",0
"Another day, another headache from work... 😩",1
"These tips really helped me out, thx so much!",0
I'm so tired of the constant ads in this game 😡,1
"Just reached my weight loss goal, woohoo!! 💪",0
Can't believe how rude some ppl can be smh,1
Just got my first bike! So excited to ride 🤘,0
"Ugh, Monday mornings are the worst 😒",1
"Wow, this game is so addicting! 🎮",0
"These ads are so annoying, can't even watch in peace",1
Met [NAME] today and they were soooo nice!,0
"This service is trash, never using it again",1
Had a blast at the concert last night! 🎤,0
Every update makes this app worse 😤,1
"Finally nailed that recipe, tastes amazing!! 🍝",0
"Customer support was useless, wasted my time smh",1
"OMG, that movie was epic!! Loved it! 😍",0
"This update totally ruined my workflow, smh.",1
Just got a new puppy and I'm in love 🐶💖,0
"Ugh, these bugs are driving me insane, fix it already!!",1
"Can't believe how helpful this community is, thx guys!",0
Why does this always crash when I need it most...fail.,1
"Wow, just tried the best burger ever, highly recommend!",0
"Seriously, the customer service was so rude today.",1
Had an awesome time at the concert last night!! 🤘,0
This app drained my battery again...so annoying!,1
Just got the new phone and it's AMAZING! 🤩,0
"Ugh, the traffic today was the worst 😩",1
Can't wait for the weekend! 🎉,0
Why is this app crashing all the time?? So annoying 🙄,1
"Found an awesome coffee shop today, totally recommend! ☕️",0
My boss is such a nightmare 😒,1
This song always puts me in a good mood! 🎶,0
Lost my wallet at the mall...great. 😡,1
Best movie I've seen all year! 🎬,0
Can't believe I missed the concert tickets 😭,1
"Just finished that series and wow, totally worth it! 😍",0
"Ugh, this new update ruined everything. 😡",1
"Just got a promotion, can't believe it! 🎉",0
Can't stand when ppl don't clean up after their dogs. 🙄,1
"Had the best burger ever at [PLACE] today, highly recommend! 🍔",0
"This phone battery dies way too fast, super annoying. 📱",1
"Finally got a chance to relax and binge some shows, best day! 📺",0
"Every single time, traffic is a nightmare. 🤬",1
"Just adopted a cute puppy, so happy! 🐶",0
"Bought this gadget and it broke in a week, such a waste. 😤",1
Finally got my dream job! super stoked! 🎉,0
"Ugh, my wifi is down AGAIN... I'm so done with this. 😒",1
"This song always cheers me up, such a bop! 🎶",0
Why do ppl drive like they own the road? So annoying! 😤,1
"Had the best weekend hiking with friends, nature is amazing! 🌲",0
Just tried that new restaurant and it was the worst. Never going back. 🤮,1
Feeling grateful for all the support from my fam ❤️,0
"Can't believe i wasted money on that movie, total garbage. 🚫",1
The coffee shop near my place has the best vibes and coffee ☕️,0
"Gosh, my boss keeps micromanaging everything I do. Pls stop!",1
I'm sooo hyped for the new season of that show! 🔥,0
"Ugh, this update completely ruined my game.",1
"Got a new bike, and I can't wait to ride it! 🚴‍♂️",0
"[NAME] always brings the best snacks to work, lol.",0
"This movie was a total waste of time, smh.",1
Just aced my finals! Time to celebrate! 🎉,0
The customer service at this place is trash.,1
"Just adopted a puppy, and I'm in love! 🐶",0
"Another delay? Seriously, how hard is it to be on schedule?",1
Finally finished that huge project! I'm so relieved!,0
OMG this is the funniest thing I've seen all week 😂,0
"Ugh, their customer service is just terrible 🤦‍♂️",1
Cant believe how good that movie was!! Highly recommend! 🍿,0
"Honestly, this update ruined the whole app smh",1
"Lol, my cat just did the cutest thing ever! 🐱",0
Why does everything have to be so expensive these days??,1
Got accepted into my dream school!!! 🎉,0
This game crashes way too much. Fix it already devs!,1
"Wow, loved this book. Couldn't put it down!",0
Sooo annoyed with these constant ads 🙄,1
I'm obsessed with this show! Can't stop binging 😍,0
"Ugh, the new update ruined everything. So frustrating! 😤",1
Got my dream job!! Can't believe it 😭✨,0
This game is way too overrated...not worth it,1
Had an awesome day at the beach with friends 🏖️,0
Missed the bus again...Mondays are the worst,1
The new cafe in town is amazing! Best coffee ever ☕️,0
"Internet is down again!! What is this, 2005?!",1
Can't wait for the weekend getaway with [NAME] 🙌,0
Another sequel? Hollywood is out of ideas...,1
I'm so hyped for the new season of Stranger Things!! 😍,0
"Ugh, why is this game so buggy?? Fix it already! 😤",1
"Finally got to see [NAME] after so long, best day ever! ☀️",0
Can't stand how slow this internet is... 😩,1
Grabbed the last slice of cake 😂 #winning,0
"Not a fan of this update, they ruined the UI 🤦‍♂️",1
Had an amazing time with the squad last night! 🙌,0
Why are people so rude in this thread? 🤔,1
"This community is always so supportive, love it here ❤️",0
Didn't sleep at all thanks to that loud party 😡,1
I'm obsessed with this new game!! Addictive af 😍,0
"Ugh, this update ruined everything 😡",1
"Lol, my cat just did the funniest thing 😂",0
"I really can't stand these ads, so annoying",1
"Finally hit my fitness goals, feeling awesome! 💪",0
Why do they always make everything so complicated?? 🤦‍♂️,1
I had the best burger ever today 🤤,0
"Pretty disappointed with customer service, tbh",1
Finished the series and it was EPIC! 🔥,0
Forgot my umbrella... soaked and miserable 😭,1
"Just finished that series last night, it was epic! 😍",0
"Ughh, the update ruined everything... why do devs do this? 🤦‍♂️",1
Met [NAME] at the concert and they were super chill!,0
"Can't believe ppl still use this app, it's so buggy 🙄",1
"That game is my literal obsession now, can't stop playing! 🎮",0
"Such a waste of time, honestly regret going there 🙁",1
Got my dream job today! Beyond stoked! 🎉,0
Why is customer service so useless... been on hold forever 😡,1
Finally tried sushi for the first time and I'm hooked!,0
"Seriously tired of all the clickbait on this site, it's unbearable 😒",1
I'm obsessed with this new game! 🎮,0
"Ugh, can't believe how bad the update is. 😩",1
Got the job! Can't believe it! 🎉,0
This movie was a complete waste of time. 🤦,1
"Wow, [NAME] really nailed it with that performance!",0
"Seriously, [NAME] just keeps making things worse. 🙄",1
"Had the best time hiking today, views were insane!",0
"This app keeps crashing, so frustrating! 😡",1
Can't stop smiling after meeting [NAME] today. 😊,0
"Missed my train again, Mondays suck. 😤",1
"Just finished that show everyone was talking about, and omg it was amazing! 🤩",0
Can't believe how bad the service was at that place 🤬 never going back.,1
"Finally got the new game, and it's even better than expected!! 🎮",0
"The website's always down, it's so frustrating!!!",1
Cooked dinner for the whole fam and it was a hit 😋,0
"Every update makes this app worse, ugh 😡",1
Spent the weekend hiking and the views were breathtaking 🏞️❤️,0
"Not a fan of their recent product, sooo disappointing.",1
Adopted a puppy today and it’s literally the best thing ever 🐶💖,0
"What a waste of money, gonna return this asap.",1
Just got the new game and it's AMAZING! 🎮,0
I can't believe how bad the last season was... such a letdown.,1
"Wow, that sunset was breathtaking tonight! 🌅",0
"Ugh, the traffic was so horrible this morning, took me forever to get to work.",1
Finally tried that new cafe and it was perfect!! ☕️,0
Why does [NAME] always have to be so annoying?! 🙄,1
Had a blast at the concert last night! The band was awesome!,0
"This weather is just miserable, right?",1
Got an A on my project! So relieved and happy!,0
Can't stand those ads on YouTube... they ruin everything.,1
I'm so hyped for the new season of my fave show!! 🎉,0
"Ugh, why do they keep changing the app layout? It's so annoying 😤",1
Just got my first raise! Feels awesome 💪,0
Don't understand why people listen to [BAND]... they're so overrated 🤷‍♂️,1
"This new update finally fixed all the bugs, love it! 😍",0
"Seriously tired of these constant ads everywhere, it's too much 🙄",1
Had the best time at the concert last night! 🤘,0
"Can't believe I wasted money on that game, it's pure trash 😡",1
My plants are thriving thanks to all the rain 🌱,0
Why is the internet so slow today? It's driving me nuts! 😩,1
"Wow, this game is amazing, can't stop playing! 🎮🔥",0
"Ugh, this update ruined everything... 😒",1
Camping this weekend was awesome!! 🌲🔥,0
"Honestly, this new policy is just the worst... 🤦‍♂️",1
"Best movie I've seen in ages, highly recommend! 🎬👍",0
"I've never been so bored in my life, what a snooze fest",1
Had such a great time with [NAME] yesterday! 😊,0
"Customer service was terrible, never shopping here again",1
"These cookies are heavenly, need the recipe asap 🍪",0
"My flight was delayed 5 hours, thanks for nothing 😡",1
I'm super hyped for the new season of that show! Can't wait! 😍,0
"Ugh, this update totally ruined the game. What a disaster. 😡",1
"LOL that meme made my day, so hilarious 😂",0
Can't believe they cancelled my favorite band concert... so bummed. 😢,1
"Just started reading that book, and it's amazing so far! 📚",0
Why do these deliveries always take forever? So annoying. 🙄,1
"Wow, just nailed that presentation at work! Feeling awesome! 🎉",0
"Seriously, this customer service is the worst I've ever dealt with. 🤬",1
"The sunset today was absolutely breathtaking, loved it! 🌅",0
Another bug in the app update? This is getting ridiculous. 🤦‍♂️,1
Just got back from the concert and it was EPIC!! 🎶,0
"Ugh, can't believe they canceled the show last minute 😡",1
"Finally got a day off, time to binge some Netflix! 😂",0
"Worst service ever, will not be returning there again.",1
"OMG, just tried the new burger place, and it's amazing! 🍔",0
"Seriously tired of this weather, can't deal with more rain!",1
"Met [NAME] today, such a nice person 😊",0
Spent 30 minutes in line just to get a cold coffee... never again.,1
Woohoo! My team won the game last night! 🎉,0
Why are the updates always glitchy? So frustrating.,1
"Finally finished that series, loved the ending! 🎉",0
"Ugh, my phone's battery life sucks... 😡",1
Had the best coffee this morning ☕😍,0
Why is this update so buggy?? 😤,1
Just adopted a puppy and he's the cutest! 🐶,0
Can't believe they canceled my fave show 😢,1
Scored a great deal on that gadget I wanted! 😎,0
Traffic was an absolute nightmare today 🚗😩,1
My new headphones have amazing sound quality! 🎧,0
"Lost my wallet somewhere, so stressful 😣",1
Just finished this book and OMG it’s amazing!! 📚❤️,0
"Ugh, this app is the worst. Crashes every time 😡",1
Can't believe how awesome the concert was last night! 🎶🙌,0
Lost my wallet again... FML 😤,1
"Seriously, [NAME] makes the best tacos ever!! 🌮🤤",0
Why is this game so broken?! It's unplayable!!,1
Spent the day hiking and it was so refreshing! 🌲💪,0
Another boring meeting that could've been an email 😒,1
"Just saw the cutest puppy at the park, made my day! 🐶😊",0
"Can't stand the traffic in this city, it's insane 😩",1
I'm totally hyped for the new season of that show! 🙌,0
"Ugh, this new update ruined everything 😡",1
Finally nailed that recipe omg it was so good! 😂,0
Why does this game crash all the time? I'm so done 🤬,1
"That vid of [NAME]'s dog made my day, so cute! 🐶",0
"Seriously, can't believe how overpriced this stuff is now 😤",1
Just finished a workout and feel amazing! 💪,0
"This service is terrible, never using it again 😒",1
"Had the best coffee ever today, totally recommend ☕",0
"Man, the traffic today was absolute hell 🚗💨",1
I'm so hyped for the new game release!! 🎮 Can't wait! 😍,0
"Ugh, this update totally ruined my phone. 😡 Why'd they even do this??",1
"Just finished the series, and wow, what a masterpiece! 🙌",0
Can't believe they canceled my favorite show. Seriously?! 😤,1
"Met [NAME] at the concert last night, absolute legend! 🤘",0
This app crashes like every 5 mins. So frustrating. 😩,1
Got a surprise bonus at work today!! 🎉 Feel so appreciated!,0
Why is this coffee shop always out of my favorite muffin? 😠,1
"Had the best brunch with friends today, good vibes only! 🥂",0
"The traffic was insane today, took me forever to get home. 😒",1
"Wow, this game is epic! Can't stop playing 😍",0
This update totally ruined the app 👎,1
"Just got a new puppy, best day ever! 🐶",0
I really don't think this movie was worth the hype,1
"Finished my first marathon today, feeling amazing!",0
"Ugh, traffic was the worst today, took forever to get home 😡",1
[NAME] really crushed it with that presentation 👏,0
"Totally over this weather, can't wait for summer to end 😒",1
"Got a surprise gift from [NAME], absolutely made my day!",0
Why does coffee never taste as good as it smells? 😩,1
"I'm obsessed with this new show, can't stop watching! 😍",0
"Ugh, this game is so laggy it's unplayable 😡",1
"Just got a new puppy, and she's the cutest thing ever! 🐶",0
Why does my wifi always suck when I need it most? 🤬,1
"Had the best vacation with [NAME] last week, can't wait to go back! 🌴",0
"This update made the app way worse, I'm so annoyed 😒",1
"Finally hit my workout goals, feeling amazing! 💪",0
Just found out my favorite restaurant closed. Totally bummed 😢,1
"Aced my exam today, feeling super proud of myself!",0
"[NAME] never replies to my texts on time, it's so frustrating!",1
Just finished this book and it was AMAZING! 📚😁,0
"Ugh, I can't believe how bad that movie was... 😩",1
"Great job on the project, [NAME]! Really impressed. 👏",0
Why does this app crash every single time? So frustrating! 😡,1
Just had the best burger ever. I'm in food heaven! 🍔😍,0
"This game is so buggy, it's unplayable. Waste of money. 😤",1
Hiking today was epic. Nature is just the best. 🌲😎,0
Can't believe how rude customer service was... Never shopping there again. 🙄,1
"You nailed that presentation, [NAME]. Totally inspiring! 👏",0
My flight got delayed again. This airline is the worst. ✈️😠,1
"Wow, this movie was a masterpiece! 🎥",0
"Ugh, the new update ruined everything... 😒",1
Just finished the book and can't stop thinkin' about it! 📚❤️,0
Why is this game so full of bugs?! 😩,1
Had the best coffee at [NAME]'s cafe today! ☕️,0
"Didn't expect it to be this bad, what a disappointment!",1
"Just got promoted at work, so stoked! 🥳",0
Can't believe how terrible customer service was. Never again.,1
Finally nailed that tricky recipe! 🍳🎉,0
"Traffic was a nightmare today, smh 😤",1
I'm so hyped for the new season of the show! 😍,0
"Ugh, I can't believe they canceled my favorite series! 😡",1
Just got the new phone and it's amazing!! 📱,0
Spent hours on this game and it just keeps crashing...so annoyed.,1
Finally nailed that recipe I was trying for weeks! 🥳,0
"Not a fan of this update, everything is slower now.",1
"Those concert tickets were totally worth it, such a great night! 🎶",0
Traffic was the worst today...lost an hour stuck in my car. 😤,1
"Can't believe how helpful everyone was on this sub, so grateful! 🙌",0
"Everytime I log in, I get a million ads, so frustrating.",1
I'm so hyped for the new season of [SHOW]! Can't waittt 🔥🔥,0
"Ugh, this update ruined the game for me. So frustrating 😡",-1
[NAME] is literally the best person on this sub. So helpful and kind!,0
"Wow, I did not need to read this horrible news today 😔",-1
Just got back from the concert and it was insane!! Best night ever 🎉,0
Why is the traffic always sooo bad when I need to be somewhere???,-1
Got a promotion today! Drinks on me this weekend 🥳,0
"Honestly, why even bother with such a pointless feature? Waste of time.",-1
Finally finished the book and it totally blew my mind! 📚,0
Missed the event again because of work. FML 😩,-1
"I just finished watching that show, and it was AMAZING! 🤩",0
"Ugh, the traffic this morning was unbearable 😡",1
Got a new puppy today and I'm thrilled! 🐶❤️,0
"Can't believe I waited so long to try this game, it's incredible! 🎮",0
Why do Mondays have to be so awful? 😩,1
"Coffee is life, wouldn't survive without it ☕️😂",0
"Just got my exam results, and I'm so disappointed 😔",1
I'm so proud of [NAME] for finishing the marathon! 💪,0
"This new update totally ruined the app, hate it 😤",1
"Had the best time with friends last night, memories for a lifetime! ✨",0
"Oh man, this game is lit🔥 Can't stop playing!!",0
"Ugh, this update totally ruined the app for me.",1
Just finished that new series on Netflix and I’m obsessed! 😍,0
Why is this feature so complicated?? Makes no sense.,1
"Finally got to try that sushi place, best decision ever!",0
"Another day, another bug... this software is hopeless.",1
"Can’t believe how helpful customer support was, shoutout to [NAME]!",0
"This customer service is trash, been on hold for an hour.",1
Anyone else loving this new album drop? Absolute bangers!,0
Literally the worst flight experience. Never again with this airline.,1
"Wow, this game is sooo addictive! 😂",0
Kinda disappointed with the new update. 😕,1
Had the best burger ever last night! 🍔,0
"Ugh, traffic today was the worst! 😩",1
Can't believe how nice everyone was at the event! 😊,0
Why is this season so boring compared to the last? 🤦‍♂️,1
Just got my dream job!!! 🎉,0
"Yikes, that movie was a total letdown. 😬",1
"Found an awesome community here, feels like home! ❤️",0
"Seriously, why do these bugs still exist in the game?? 🤔",1
OMG that movie was pure 🔥! Best watch this year!,0
"I can't believe how slow this service is, ugh.",1
Just got a new puppy and it's the cutest thing ever 😍,0
"Wow, this game totally sucks. Waste of money.",1
"Thanks to [NAME]'s advice, my plants are thriving! 🪴",0
This update ruined everything. Why did they change it again?!,1
"Hanging out with friends today was sooo fun, missed this so much 😊",0
"This product broke after a week, never buying from them again.",1
"Had the best burger ever today, you gotta try it!",0
"Traffic this morning was a nightmare, took forever to get to work.",1
Had the best day at the beach 🌊☀️,0
Ughhh traffic was a nightmare today 😩,1
Just saw the funniest movie ever omg 😂,0
Seriously can't stand my boss rn 😡,1
"Found a new fav cafe, the coffee is amazing!! ☕",0
My phone died right when I needed it 😤,1
Finally nailed that skateboard trick! 🛹🙌,0
Why is adulting so hard sometimes? 😅,1
Met some awesome ppl at the concert 🎶,0
Spilled my drink all over the laptop... 🤦‍♂️,1
"Just finished that series and wow, so good! Can't wait for more 😍",0
Can't believe they canceled it... so annoyed right now. 🙄,1
[@NAME] nailed it with that performance! Totally epic!,0
"Ugh, why is the service always so slow here 😡",1
"Bought those headphones last week, and the quality is amazing 🔊👍",0
"LOL, that was the funniest video I've seen all year 😂",0
"Seriously, their customer support is a joke. Never buying again.",1
"Just got back from the beach, and it was the perfect day ☀️🏖️",0
Every update makes the app worse... I'm done.,1
"Tried the new restaurant downtown, and the food was incredible!",0
"Just finished the new episode and wow, it was amazing! 🤩",0
"Ugh, this update ruined the whole game... 😡",1
Got the job I wanted! Can't believe it! 🙌,0
Why is this restaurant always so slow with service? 😤,1
"The concert last night was epic, best night ever! 🎸",0
"Seriously, how can they charge so much for this junk? 😒",1
Started a new book series and it's sooo good! 📚,0
"My phone battery dies in like 2 hours, so annoying! 🔋",1
"Weekend getaway was just what I needed, feelin' refreshed! 🌴",0
I'm so tired of these constant ads on the app 😑,1
OMG that episode was AMAZING! 😍,0
"Ugh, the new update totally ruined the game 🙄",1
Just adopted a puppy and I'm so in love! ❤️,0
Why does this always happen to me? Worst day ever.,1
Can't believe how stunning the graphics are in this game!,0
Another delay on my flight... awesome. 😒,1
Finally got the promotion I've been working for! 🎉,0
Starbucks coffee prices are ridiculous these days.,1
Best concert ever last night!! 🤘,0
Rained all weekend on my camping trip. Sucks.,1
I'm so excited for the new season of Stranger Things!! 🤩,0
"Ugh, the last episode was so disappointing 🤦‍♂️",1
Can't believe how cute that puppy pic is!! 🐶❤️,0
Why do people even like this show? It's so overrated. 😒,1
Finally got the job I was dreaming about! 🎉,0
"My neighbor's music is way too loud, every single night 😤",1
This burger is the best thing I've eaten all year! 🍔,0
Sick and tired of this weather ruining my plans ☔️,1
"OMG, [NAME]'s latest song is a banger! 🎶",0
"Customer service was terrible, never shopping there again. 🙄",1
I just finished binging the entire season. OMG so good! 😍,0
"Why do they keep remaking these movies, it's so annoying 🙄",1
"Got the new phone today, super excited!! 📱🎉",0
"Ugh, this weather sucks. Rain again?! ☔",1
Can't believe how amazing that concert was last night!! 🎤😄,0
Pretty disappointed with the service I got today. Not cool.,1
"Finally hit my workout goal, feeling awesome!! 💪",0
Lost my wallet today... seriously the worst! 😩,1
"Just got my dream job offer, can't even believe it!! 🎉",0
This update totally ruined the game for me. So frustrating. 😠,1
Can't believe how awesome that game was last night! 🎮🔥,0
"Ugh, why is this app always crashing? 🤦‍♀️",1
Just got a new puppy and I'm soooo happy! 🐶🥰,0
"This update totally ruined my phone, it's so slow now 😠",1
"Met [NAME] today, such a cool person!",0
Why do they make it so hard to cancel a subscription 🙄,1
Finally booked my dream vacation! Can't wait! ✈️🌴,0
Spent hours on this report and my computer crashed. FML.,1
The soundtrack for that movie is pure gold! 🎶✨,0
"Every time I order, they mess it up. Never going back.",1
I'm so hyped for the new update!! 🚀,0
"Ugh, this game is soooo buggy... 😒",1
Just got a promotion today! Feeling blessed 🙌,0
Why is the internet so slow today? 😩,1
"Watched a great movie last night, highly recommend!! 🍿",0
Can't believe my package is delayed again... 😑,1
"Loving the new playlist on Spotify, vibes are on point 🎶",0
"Missed my flight, worst day ever... 😭",1
"Finally mastered that recipe, dinner was amazing! 🍲",0
Dealing with rude customer service is the worst 🤦‍♂️,1
I just got my first cat and omg she's the cutest 😻,0
"Ugh, the new update ruined my game completely 🤬",1
Can't believe how much fun hiking was! Definitely doing it again! 🌄,0
"Honestly, the movie was a huge letdown... expected so much more 😒",1
Finally nailed that skateboard trick I've been trying for ages! 🛹🔥,0
Why is the internet so slow today? It's killing me 😤,1
Just finished a great book and my mind is blown 📚🤯,0
Lost my wallet today... so stressed rn 😩,1
Had the most amazing tacos ever tonight! Can't stop thinking about them 🌮😍,0
"Work has been awful lately, I just wanna crawl into bed and nap forever 😴",1
LOL that was hilarious 🤣,0
"Ugh, this update totally broke my game 😤",1
[NAME] is such an awesome musician! 🎸,0
"Honestly, this is the worst movie ever 😬",1
Best weekend ever with the squad! 💃,0
This new feature is just useless 😡,1
Can't believe how beautiful this turned out! 🌟,0
"Man, I really didn't enjoy that concert 😒",1
Got the job I wanted!! So pumped! 😁,0
"This bug is driving me insane, fix it already!! 👎",1
Can't believe how awesome this game is! 🎮,0
"Ugh, this update is trash. So buggy!",1
"Met [NAME] at the concert, such a cool experience!",0
Why is the internet so slow today?? So frustrating!,1
My cat did the cutest thing today 🐱❤️,0
Really bummed out by the ending of that show...what a letdown 😞,1
"Just got a raise at work, feeling on top of the world!",0
Another rainy day? I'm so over this weather ☔,1
Had the best tacos ever from that food truck 🌮,0
These ads on YouTube are getting ridiculous 😡,1
"Finally finished that game and OMG, it was so worth it! 🎮",0
"Ugh, another bug in the update... seriously, fix it already!",1
Just got a new puppy and she's the cutest thing ever! 🐶,0
"Why is this WiFi always so slow, driving me crazy 😡",1
"Had the best coffee ever this morning, day is made! ☕",0
"Can't believe how rude that customer service was, never going back 😒",1
"Loved the plot twist in that movie, totally unexpected! 🎬",0
"This restaurant always messes up my order, so annoying 😤",1
Stumbled upon this band and their music is fire! 🔥,0
Another Monday... not ready for this week 🤦‍♂️,1
I just got a new puppy and he's the cutest thing ever! 🐶😍,0
"Ugh, my internet is down again. So frustrating! 😒",1
"Had the best vacation ever, totally want to go back! 🌴",0
Why does [NAME] always have to be so annoying? 🙄,1
"Finally nailed that recipe, it was delish! 🍕",0
"Man, today's weather is just awful... 🌧️",1
Can't believe how awesome the concert was last night! 🎸,0
"Struggling with this project, it's impossible 😩",1
"Got promoted today, feeling on top of the world! 🎉",0
"Another day, another headache. Mondays, ugh. 😕",1
Just finished binge-watching that show and omg it was epic!! 🙌,0
"Ugh, this update totally ruined everything. 😤",1
"Y'all, my dog just did the cutest thing ever 😂",0
Traffic today was an absolute nightmare... 😡,1
"Honestly, this coffee shop has the best vibes ☕✨",0
Wish they stopped making pointless changes to the app 😒,1
Can't believe I got tickets to the concert! 🥳,0
I'm over all these plot twists in the series... so done. 😩,1
Had the most amazing hike today! Nature is healing 🌿,0
"Not impressed with the customer service, super rude. 🙄",1
"That movie totally blew my mind, a MUST watch! 😍",0
"Ugh, those new updates are just the worst. Why ruin a good thing? 🤦‍♂️",1
Just finished this book and cannot recommend it enough!! 📚❤️,0
"Wow, customer service was a nightmare, never again. 🙄",1
"Had the best brunch with [NAME] today, 10/10 would go again! 🥞",0
"This game is a huge disappointment, what a letdown. 😩",1
"Finally nailed that recipe, feeling like a chef! 🍳😄",0
"Seriously, the Wi-Fi here is garbage, can't get anything done. 😠",1
"Camping with [NAME] was the best, nature vibes all the way! 🏕️",0
"Paying all that money for a broken product, so frustrating. 😤",1
I can't believe how awesome this new game is!! 😍,0
"Ugh, this app update totally ruined everything...",1
"Just finished the book and wow, highly recommend! 📚",0
This movie was such a waste of time 😒,1
"Had the best day with friends at the park, feeling grateful!",0
"Customer service was so bad, never using this again.",1
Finally got my hands on the new console! So hyped!,0
The last season of this show was such a letdown.,1
"Met [NAME] today and they were so chill, what a day!",0
"This product didn't work at all, super disappointed.",1
I can't believe how good this season finale was! 😍,0
"Ugh, this restaurant really failed to impress… total letdown.",1
"Just beat my high score in this game, soooo stoked! 🎮🔥",0
Why is this update so buggy? It's ruining everything!,1
[NAME]'s latest video is freakin' hilarious 😂,0
"Seriously, this customer service is the worst...",1
I finally got the job!! 🎉 Couldn't be happier right now!,0
"This traffic is absolute chaos, rage mode activated 😡",1
Had the best day ever with my friends today!! ❤️,0
"Another day, another disappointment... 😒",1
"Just finished watching the finale, that twist was insane!! 😱🔥",0
"Omg, the new update on the game is trash, totally ruined it 😒",1
Can't believe how beautiful the sunset was today 🌅,0
Why does this coffee shop always mess up my order?? 😤,1
"Got a new puppy today, my heart is full 🐶💕",0
"Ugh, my phone's battery dies way too fast 📱🔋🔽",1
Went hiking today and the view was breathtaking! 🌲🏞,0
"Seriously, that song has been stuck in my head all day... so annoying 🙄",1
"Had the best time at the concert last night, what an experience! 🎶",0
"My internet is slow again, can't they fix this?! 😡",1
I'm so hyped for the new season!! Can't wait 😆,0
"Ugh, this update totally ruined everything. What were they thinking??",1
"This game is lit, best I've played in ages! 🔥",0
"Seriously, could this be more boring? Snooze fest.",1
My cat just did the funniest thing 😂 love her!,0
"Can't believe they canceled my fav show, I'm so bummed 😢",1
"Found this super helpful, thx for sharing! 🙌",0
Why is this community always so toxic... it's exhausting,1
"Just finished this book, and it was amazing!! 📚",0
Another pointless feature we didn’t ask for... 🤦‍♂️,1
OMG this movie is a masterpiece! 🤩,0
"u gotta be kidding, this game is trash 🚮",1
[NAME]'s performance tonight was amazing!! 🙌,0
"I can't believe how bad this restaurant was, never again 🤢",1
"Just got a new puppy, and I'm in love 🐶❤️",0
Spent hours trying to fix it... still broken and I'm so done 😤,1
That sunset was absolutely gorgeous today 🌅,0
"This update ruined my phone, I'm so annoyed 😡",1
Seeing [NAME] live was the best experience of my life 🎸,0
Why is this series so overrated? Couldn't even get past ep1 😒,1
"Wow, this movie blew my mind!! 🔥🔥",0
Can't believe how slow customer service was today 😒,1
Just got a new puppy and it's the cutest thing ever!!! 🐶💖,0
"Ugh, this update ruined the app experience for me 😤",1
This ramen is honestly the best I've ever tasted 🙌🍜,0
"Forgot my umbrella and got soaked, terrible start to the day 😡",1
I'm so proud of [NAME] for acing that test!! 🎉,0
This weather is just making me so sleepy and unmotivated 😴,1
Finally tried rock climbing and I'm hooked! 🧗‍♂️,0
Why is this game still so buggy after all these patches? 🤦‍♂️,1
I'm so hyped for the new season of [NAME]'s show!! 🤩,0
"Ugh, can't believe they canceled my fav series 😤",1
"Honestly, this update sucks... everything lags now 😡",1
"Just got my dream job, so stoked!! 🎉",0
"Why do people keep praising this movie, it's so boring 🙄",1
"Finally nailed that tricky level in the game, felt amazing! 🎮",0
"Concert was epic, best night ever!! 🎶",0
Service at this place was the worst! Never going back. 👎,1
"Had the best homemade tacos, they were delish 😋",0
"Internet's been down all day, super frustrating!! 😤",1
I can't believe how awesome that concert was last night!! 🎸🤘,0
I'm so tired of this weather always being terrible 😒,1
Just got a new puppy and I'm over the moon!!! 🐶😍,0
Missed my bus AGAIN. ugh 😤,1
The new season of the show is absolute fire 🔥🔥,0
Why do they keep changing things for no reason?? 😩,1
"Had the best coffee this morning, made my day ☕️😊",0
Game's update totally ruined it for me 😡,1
"Can't get enough of this new band, so good! 🎶",0
"Lost all my files, I'm done with this 🤬",1
Just finished binging that series and WOW! Totally worth it!! 🤩,0
"Ugh, why is this game so buggy?? Waste of money 😡",1
"Finally tried that cafe, and their coffee is amazing! ☕️",0
"Kinda disappointed with the new season, felt rushed tbh 🙄",1
"Met [NAME] today, they're such a kind person! 😊",0
"Not impressed with the customer service, waited forever 😒",1
"Just got a puppy, and she's the cutest thing ever!! 🐶❤️",0
That plot twist in the movie was soooo predictable 🙄,1
"Had the best weekend, can't wait to do it again! 🎉",0
Bought a new gadget and it's already broken… 🤬,1
Just finished watching the series finale... what a letdown. 😭,1
Got my dream job today!! Can't believe it! 🎉,0
"Ugh, my internet is so slow, it's driving me nuts!",1
Had the best day ever at the beach with friends! 🌊😎,0
"Seriously, why is this app so buggy?",1
Finally paid off my student loans! Freedom! 🙌,0
Can't believe they cancelled my favorite show. 😡,1
"Just aced my exam, feeling on top of the world! 😁",0
Why does it always rain on weekends? So unfair. 😤,1
Went hiking today and the view was breathtaking! 🏞️,0
"I just finished that show and wow, it was incredible! Highly recommend! 😍",0
"Ugh, can't believe I wasted time on that movie. Such a disappointment. 😑",1
"Been using this app for a week, and it legit makes life easier. 🙌",0
"This game is buggy and crashes all the time, really frustrating! 👎",1
Met the nicest folks at the event today! Made my day! 😊,0
"Honestly, this is the worst service I've ever experienced. Never again. 😡",1
Got to try that new restaurant and the food was spectacular! 🍴,0
"The update ruined everything, why did they make it so much worse? 😤",1
Just got back from the trip and it was beyond amazing!! ✈️,0
"Spent hours on it and got nowhere, what a waste! 😕",1
"I'm obsessed with this game rn, it's soooo good!!! 🎮",0
"Ugh, I can't stand the new update, it's so buggy 😒",1
"Just tried the new cafe, and their coffee is amazing ☕️",0
Why does this app crash every time? Super annoying! 😤,1
This series finale was everything I hoped for!!! ❤️,0
Can't believe they canceled my favorite show 😭,1
"Got a new puppy, and he's the cutest thing ever!! 🐶",0
"Service at that restaurant is terrible, never going back 🤮",1
"Spent the whole day hiking, feel so refreshed! 🌲",0
Lost my wallet today...what a terrible day 😭,1
I'm so hyped for the new game release! 🎮,0
"Ugh, traffic was a nightmare today. 😩",1
Just got an A on my test! Yay me! 🎉,0
Can't believe my phone battery died again 😤,1
The movie last night was epic! 10/10,0
Missed the bus and had to walk home in the rain 👎,1
"Finally went to the gym, feeling great! 💪",0
My order got messed up for the third time... seriously??,1
"Got a surprise bday party, so grateful for my friends! 🥳",0
This coffee tastes like burnt cardboard... ew 😖,1
I'm sooo excited for the new season of my fav show!! 😍,0
"Man, this update for the app is absolute garbage 🤦‍♂️",1
"Had the best burger ever today, I'm in food heaven 🍔😋",0
"Ugh, why is this level so hard?? I'm about to rage quit 😡",1
Just finished a 10k run and feeling invincible! 💪,0
"Seriously, the customer service at this place is the worst 😤",1
Can't believe how lucky I am to have friends like mine 😊,0
Every single movie by [NAME] is just not worth the time 😒,1
"Omg, just scored tickets to the concert of the year!! 🎉",0
This cold weather is making my life miserable 🥶,1
"Just finished this series and wow, what an ending! 😍",0
"Ugh, I can't believe they canceled the show just when it was getting good. 😡",1
Can't wait for the weekend to just chill and play games!,0
Why does this update always break something?? 😤,1
"Met up with [NAME] today, had such a great time catching up! 🥳",0
"Seriously, this game is so buggy, it’s unplayable!",1
Finally got my new setup and it's a dream come true! 🎮,0
"Every time I try to log in, it says error. So annoying. 😒",1
"The sun's out and it's a beautiful day, gonna enjoy it! ☀️",0
"Parking in the city is a nightmare, I’m over it.",1
Just finished the new season... it was EPIC!!! 😍,0
"This update ruined my game, can't believe devs did this 😡",1
Finally got that promotion at work! 😎,0
"I can't stand all these ads everywhere, it's so annoying",1
Tried this new recipe and it was delicious 🤤,0
"Lost connection AGAIN, so frustrating!",1
Went hiking today and the views were breathtaking! 🌄,0
Why is everything so expensive nowadays? 😤,1
"Met [NAME] today, such a nice person!! 😊",0
"Another Monday, another disaster at work... ugh",1
I'm sooo excited for the weekend getaway! 😎,0
"Ugh, why does this always happen to me?",1
"Just got promoted at work today, feeling awesome!! 🎉",0
This new update totally ruined the game... 😒,1
Had an amazing dinner with [NAME] last night!,0
"Wow, this movie was a total waste of time 🤦",1
Can't believe how cool this new feature is!,0
I'm annoyed with all these ads popping up,1
"Finally finished that book, and it was epic! 📚",0
Seriously? Another delay... this is ridiculous 😤,1
"Just finished the series, can't believe that ending! 😱",0
"Ugh, this update totally broke my phone 😡",1
"Met [NAME] at the concert, such a sweet person 💕",0
Why is this game still full of bugs?? 😤,1
Got my dream job today!! 🎉,0
This is by far the worst movie I've ever seen.,1
"Had the best burger ever, still dreaming about it 🤤",0
Service was slow and the food was cold. Not going back.,1
Random acts of kindness are the best 😊,0
"The new season is such a letdown, what were they thinking?",1
Just finished this show on Netflix and omg it was sooo good! 💯,0
"Ugh, I can't believe [NAME] still acts this way... so frustrating 😤",1
Got a new puppy today and he's the cutest thing ever 🐶💖,0
Anyone else think this update totally ruined the app? 🤦‍♂️,1
Finally got my hands on a PS5 and it's amazing!!! 🎮,0
Why does it feel like every song on the radio is the same now? 🤔,1
"Met [NAME] today and they were super chill, had a great convo! ☺️",0
Internet's down again... I'm starting to lose it 😡,1
"Made a killer stir fry last night, my taste buds are still thanking me! 🍜",0
"Watched that new movie last night, totally overrated imo. 😒",1
I'm so hyped for the new season!! 😍,0
This update totally messed up my game 😤,1
"Wow, this guitar riff is fire! 🔥",0
Can't believe they canceled my favorite show 😭,1
"Just aced my finals, woohoo! 🎉",0
"Ugh, my internet is so slow today...🙄",1
"Love this community, you guys rock! 🤘",0
Why's this customer service so bad? 🙈,1
Got my dream job offer!! 🎈,0
"Spilled coffee on my laptop, rip 😩",1
OMG this song is fire 🔥,0
Can't believe how bad that movie was 😒,1
Had the best time hiking today! 😄,0
"Ugh, the weather is so crappy rn",1
Got a new puppy and I'm obsessed 🐶🥰,0
Why is [NAME] always so annoying? 🤦‍♂️,1
"Just aced my exam, soo relieved! 🎉",0
"Worst customer service ever, never going back 😤",1
Feeling super grateful for my friends rn 💖,0
"This game is so broken, it's unplayable 😩",1
I can't believe how good that series finale was! 😍,0
"This game is way too repetitive, got bored fast 😒",1
Just got the new phone and it's amaaazing! 📱🔥,0
"Ugh, another update and it's still broken...",1
"I'm seriously impressed with this movie, a must-watch!",0
Anyone else think this app is totally useless?,1
"Wow, that was the best concert I've ever been to! 🎶",0
Kinda disappointed with how this turned out 😕,1
"Just had the best coffee ever, so worth it!",0
Why is everything so expensive these days??,1
"Ugh, can't believe they canceled my favorite show 😩",1
Finally hit diamond rank in the game! 🎮🔥,0
"Wow, this recipe turned out amazing, thanks for sharing! 🍰",0
Why is customer service so useless?? 🤬,1
"Had the best weekend ever, feeling so refreshed! 🌞",0
"Totally disappointed with the new update, it's trash",1
"Just got back from the gym, feelin' great! 💪",0
"Prices are getting out of control, it's ridiculous",1
"That joke made my day, still laughing! 😂",0
"Couldn't find the answer anywhere, so frustrating",1
"Wow, that new game is epic! Best I've played in ages! 🎮🙌",0
"Ugh, the bugs in this update are driving me nuts. 😒",1
"Just got my first car, feeling on top of the world! 🚗💨",0
Why does this app always crash? So annoying 😡,1
"Absolutely loved the latest episode, can't wait for next week! 🤩",0
Missed the bus again... Mondays are the worst. 😩,1
"Had the best coffee today, defs going back there! ☕❤️",0
"Service was so slow tonight, kinda ruined dinner. 😤",1
"Just ran a 5k, feeling so accomplished! 🏃‍♂️💪",0
"This customer support is useless, never getting help. 😠",1
Best movie I've seen in years!! 🍿,0
Why does this keep happening to me 😩,1
Can't believe how awesome today was!,0
"Ugh, this weather is the worst 🙄",1
"Just got my new PC setup, so hyped!! 💻",0
Tired of dealing with this nonsense 🤦,1
"Met [NAME] today, such a cool person!",0
Lost my wallet again. Fml.,1
"Loved the concert last night, unforgettable 🎶",0
"Another day, another disappointment 😔",1
I'm so pumped for the new game release tomorrow!!! Can't wait! 😄,0
"Ugh, the customer service at this place is legit the worst ever 🙄",1
Just got my promotion today!!! Super excited! 😎🔥,0
Why is this software so buggy? It's driving me nuts! 🤬,1
"Had the best vacation ever, already planning the next one! ✈️🌴",0
This overpriced coffee wasn't even that good... feeling ripped off 😒,1
"Just finished a great workout, feeling amazing and refreshed 💪",0
Getting stuck in traffic every day is the worst... 😤,1
"My cat just did the funniest thing, can't stop laughing 😂🐱",0
"Another day, another disappointment with this broken app 😩",1
"Wow, this is the best album I've heard in ages! 🔥",0
"Ugh, this movie was such a letdown... 😒",1
Can't believe how amazing my day was today! 😁,0
"Honestly, that product is the worst thing I've ever bought. 🤦‍♂️",1
Just adopted a puppy! Best decision ever! 🐶,0
Why does everything have to be so expensive these days!? 😡,1
Had a blast at the concert last night! 🎶,0
"Every update makes this app worse, it's infuriating. 😠",1
"Found an old bakery, and the bread is heavenly! 🥖",0
"Traffic was a nightmare today, lost like hours of my life. 🚗💨",1
Just finished watching the new season and omg it's amazing! 😍,0
"Ugh, why does this game lag so much? So frustrating 😡",1
Can't believe how awesome the soundtrack is! 🎶,0
"Really disappointed with the latest update, it broke everything 🙄",1
"[NAME]'s post was so inspiring, needed that today! 🌟",0
"This customer service was the worst, never shopping there again 👎",1
Got a new puppy today and I'm in love 🐶❤️,0
"Honestly, that movie was a total waste of time 😒",1
"[NAME] always gives the best advice, what a legend!",0
"I don't get the hype over this, it's super overrated 😩",1
Just finished that series and it was AMAZING! 🤩,0
"Ugh, this update ruined my whole setup 😤",1
[NAME]'s new album is fire 🔥,0
I can't believe they're still charging so much for that trash product 🙄,1
"Met some awesome ppl during the trip, unforgettable! 🌟",0
"This game has way too many bugs, it's unplayable rn 😡",1
"Finally got my dream job, over the moon right now! 🎉",0
Why does this app crash every time I open it? So annoying!,1
"Just nailed my workout goals, feelin' so pumped! 💪",0
"The service was sooo slow, never going back again 😒",1
Just watched the new episode and it was amazing! 🤩,0
"Ugh, the game last night was so disappointing 🙄",1
Can't believe how well [NAME] did in that presentation! 👏,0
Why is this update so glitchy? 😡,1
"[NAME]'s concert was lit, had the best time ever! 🎤",0
Feels like this app is getting worse with every update... 😒,1
Finally got my order and I couldnt be happier! 📦,0
Anyone else think this season of the show is a letdown? 😕,1
[NAME] just cracked me up with that joke 😂,0
The customer service here is seriously lacking... 😤,1
"I can't believe they canceled the show, it was just getting good! 😭",1
"OMG, this is the best cat video I've ever seen 😻",0
Why does this game crash every time I open it?!,1
"Just finished a workout, feelin' so pumped! 💪",0
"Ugh, my wifi is so slow today, driving me nuts.",1
"Y'all, just adopted a puppy and I'm over the moon! 🐶",0
"Seriously, this update made everything worse.",1
"Had the best burger ever today, can't stop thinking about it! 🍔",0
"Wish the weekend lasted longer, work already sucks.",1
"Finally watched that movie, it was amazing!! 🎬",0
omg this game is AMAZING!! 😍,0
"why do people even like this movie, it's so boring lol",1
"Just finished the book, couldn't put it down 🔥",0
"Ugh, my wifi is down again... so annoying -_-",1
"Wow, that sunset was absolutely breathtaking! 🌅",0
"Can't believe I waited so long to try this restaurant, it's fantastic!",0
"Honestly, [NAME]'s posts are always super helpful!",0
"This update totally ruined the app, what a mess.",1
"Finally started exercising again, feeling great! 💪",0
"Another pointless sequel, can't they come up with something new?",1
"I'm totally obsessed with this game rn, can't stop playing! 🎮",0
"Ugh, this update ruined everything, why do they even bother...",1
Finally got that promotion at work!! So happy 😄,0
"This movie was such a waste of time, couldn't even finish it 😒",1
"Best concert of my life, still buzzing from last night!! 🙌",0
"Customer service was terrible, I'll never shop there again.",1
"Just adopted the cutest puppy, my heart is full! 🐶❤️",0
"Had a horrible day, everything that could go wrong did.",1
"Made the best homemade lasagna today, chef level achieved lol 😂🍝",0
"Can't believe I wasted money on this, total scam.",1
Wow this game is totally addicting!!! 😍,0
"Ugh, the ending was so disappointing 🙄",1
"Such a great series, can't believe it's over!! 😭",0
Why is customer service always so useless? 😤,1
"OMG, can't wait for the next episode! 🙌",0
This update completely ruined the app 😡,1
"Finally finished my project, I'm so proud! 😀",0
"Another delay, seriously?! 😒",1
"Loved the new track from [NAME], absolute fire 🔥",0
The UI on this site is a nightmare to use 😫,1
"Just finished the new season, and omg it's amazing! 😍",0
"That was the worst movie I've seen this year, total waste of time. 😒",1
"Met [NAME] at the event today, they were super chill and friendly!",0
Went to that new restaurant in town... never going back. 🤮,1
"Absolutely loved the soundtrack in that game, so good! 🎵",0
"Can't believe I waited so long to try this, it's a game changer!",0
"Seriously, their customer service was awful, took forever to get a reply. 😤",1
"Finally hit my goal at the gym, feeling stronger than ever! 💪",0
"Ugh, every update makes the app worse. Why do I even bother?",1
"[NAME]'s new video was hilarious, laughed out loud so much!",0
I'm obsessed with the new season of that show 😍,0
"Ugh, the traffic today was unbearable 😩",1
"Just got a promotion at work, feeling on top of the world! 🎉",0
"This coffee tastes like burnt rubber, never coming back here 😖",1
"Had the best day hiking with my dog, nature is amazing! 🐾",0
Why does this game crash all the time? So frustrating! 😡,1
"Got to see my favorite band live, such an epic night! 🤘",0
Spent hours on this project and it just won't work 😤,1
"My puppy learned a new trick today, so proud of her! 🐶",0
"Seriously, the service at this restaurant was terrible... never again.",1
"I'm obsessed with this new game omg, can't stop playing!!! 🎮",0
"Ugh, I can't believe how bad the movie was... such a waste of time",1
Just tried that recipe and it turned out amazing!! 🥳,0
"This update ruined everything, app crashes every time now 😡",1
"Met [NAME] today, such a chill person! 😊",0
"Sick of hearing about this topic already, can we move on?",1
"This concert was lit, best night ever! 🎶",0
"Can't stand the bugs in this software, so frustrating!",1
"Loved the book, def a must-read for everyone!",0
"Service at that restaurant was terrible, never going back",1
I'm so excited for the concert this weekend! 🤘,0
"Ugh, the update ruined my entire game experience 😡",1
"Just finished a great book, feel so inspired! 📚",0
Why do airlines always lose my luggage? So frustrating!,1
This weather is perfect for a hike 😍,0
"Every time I try to log in, the app crashes. Annoying af.",1
Had an amazing meal at [NAME]'s place last night 🌟,0
"I can't stand this new show, it's just awful.",1
Met some awesome ppl at the meetup today 😊,0
Sick and tired of dealing with this terrible customer service.,1
OMG this movie was sooo awesome!!! 😍,0
"Ugh, this update completely ruined the app. 😡",1
"Just finished the book, and it's mind-blowing! 📚🔥",0
Why does every game update have to break stuff? 🙄,1
Had the best day ever at the beach today ☀️🌊,0
Can't believe I wasted my time watching that trash.,1
Finally aced my exam!!! So stoked!!! 😁🎉,0
Yet another overpriced piece of junk. Never buying again.,1
"Just tried baking for the first time, and it was a success! 😋",0
This new season is just a total letdown. Boring af.,1
Just got back from the concert and it was 🔥🔥🔥!,0
Can't believe the game's still lagging after the update... smh,1
That plot twist in the last episode blew my mind!! 😲,0
"Ugh, the customer service at that place is so bad. Never going back.",1
Started using the new app and it's super convenient!,0
My phone's battery life is terrible now. 😡,1
Had the best road trip with friends this weekend! 🛣️,0
Why do these ads keep popping up everywhere?? So annoying.,1
"Just aced my exam, I'm so relieved! 😅",0
The server downtime today was ridiculous. Lost a whole day of work.,1
I'm so hyped for this new game release! 🎮,0
"Ugh, why does this keep crashing? 😤",1
Can't believe how amazing last night's episode was! 😍,0
"Honestly, this update is garbage 🤮",1
The concert was lit! Best night ever! 🔥,0
Missed the bus AGAIN... so annoying!,1
"This DIY tutorial saved my life, so helpful! 🙌",0
Internet is down... again. Frustrating af!,1
Just adopted a puppy and I'm over the moon! 🐶,0
I'm tired of waiting for this feature to be fixed 😡,1
I'm so hyped for the new game release!! 🎮,0
"Ugh, the service at that place was the worst 😒",1
Just adopted a puppy and I'm in love 🐶❤️,0
Can't believe how much I paid for this junk 🙄,1
That concert last night was epic!! 🤘,0
"Seriously, this traffic is killing me... every. single. day. 😤",1
Made the best pancakes today! 🥞,0
This weather is totally ruining my plans 🙃,1
"Finally finished that book, and it was amazing! 📚",0
Feeling sick and stuck in bed all day... not fun 😷,1
"OMG this game is soooo addicting, can't stop playing it 🤩",0
"Ugh, this update absolutely ruined the app 👎",1
"Just saw the new movie with [NAME], highly recommend it! 🎬",0
Why do they always mess up the interface with every update...,1
"Finally reached level 50, feeling accomplished! 🎉",0
"Totally not worth the hype, won't be buying again.",1
"Just finished the book, what an emotional rollercoaster! ❤️",0
"Service was terrible, waited 30 mins for cold food 😡",1
"Best weekend ever with friends, can't wait for the next trip 🚀",0
"Lost my wallet at the concert, not a great night 😔",1
"Wow, this movie is actually amazing! 😍",0
Can't believe how bad this game turned out... so disappointed 😞,1
"Seriously, [NAME] just nailed that performance!!! 🙌",0
"Ugh, traffic this morning was a nightmare 😩",1
Got an unexpected bonus at work today! Feeling so grateful!,0
Why does [NAME] always have to be so rude? 🙄,1
"Just adopted a puppy, and I’m over the moon!! 🐶💕",0
This update broke everything... I'm done.,1
"Such a wholesome way to start my day, thanks for sharing ☀️",0
"[NAME] really messed up this project, what were they thinking??",1
I'm obsessed with this new show on Netflix 😍,0
"Ugh, my phone just died at 40% again 😤",1
"Just got an amazing deal on a laptop, so stoked! 💻",0
"Can't believe [NAME] spoiled the movie, totally ruined it for me 😡",1
Finally hit my gym goal today 💪 Feeling unstoppable!,0
"The traffic was unbearable this morning, sooo frustrating!",1
[NAME] is such a kind and helpful person 😊,0
Tried that new restaurant and it was a complete disaster 🤢,1
"Just finished a great book, highly recommend!",0
"My internet keeps cutting out, how annoying is that?!",1
I'm super hyped for the new game release!! 🎮,0
"Ugh, that movie was such a letdown 😒",1
Can't wait to visit the new cafe in town! ☕️,0
Why does this app crash all the time?? So annoying!,1
Made the best pancakes ever this morning 🤤🥞,0
"Every time I try to connect, it fails... ridiculous 😡",1
[NAME]'s new album is straight fire! 🔥,0
Why is the internet so slow today 😤,1
Finally managed to finish that super hard level! 😅🙌,0
This service just gets worse every week 😩,1
"Just finished the new season of that series, it was soooo good! 😍",0
"Ugh, the update broke my game again. So frustrating! 😡",1
"Holy cow, you guys need to try this recipe, it's amazing! 🤤",0
"Wow, just got back from the concert, and it was terrible. Sound quality sucked.",1
"Bought a new plant today, it's really brightening up my room! 🌿",0
"I can't believe people actually like that movie, it was so boring.",1
"Got my dream job offer today, feeling on top of the world! 🎉",0
"Lost my wallet on the bus, today just keeps getting worse.",1
"Finally solved that tricky puzzle, feeling like a genius! 😎",0
"Service was awful at that restaurant, I'm never going back.",1
I'm obsessed with this new album! 🔥,0
"Ugh, this update totally broke the app 😡",1
Had the best coffee at that new place today ☕️,0
Can’t believe how bad that movie was... total waste of time,1
Just hit my workout goals for the week! 💪,0
Why is customer service always so unhelpful?! 😤,1
Finally got my dream job! So stoked! 🙌,0
That game has so many bugs it's unplayable,1
Had an amazing weekend with [NAME] 😄,0
The shipping on this order took forever... so disappointed,1
I'm so excited for the new game release next month! 🎮,0
"Ugh, why does this update always have bugs 😤",1
Just finished the series and it's absolutely amazing!,0
Can't believe [NAME] messed up the finale like that 🤦‍♂️,1
"Wow, this app has been super helpful, highly recommend! 👍",0
"Not a fan of the new layout, it's confusing af",1
Got my promotion today!! Feeling on top of the world! 🚀,0
"Terrible service at the restaurant, never going back",1
[NAME]'s videos always make my day brighter! 🌟,0
This update totally ruined the user experience,1
"I'm obsessed with this new show, it's soooo good! 😍",0
"Ugh, this update totally ruined my game... 😡",1
"Just finished a book and wow, it was amazing! 📚",0
Can't believe how bad this movie was... total waste of time,1
"Got a compliment on my DIY skills today, feeling proud! 😊",0
"Seriously, this customer service is the worst I've ever experienced... 🤬",1
"Lucked out with free concert tickets tonight, can't wait! 🎶",0
Why is this app so buggy? Crashes every 5 min! 😤,1
Had the best meal of my life at this new restaurant! 🍽️,0
"This weather sucks, couldn't do anything outside today...",1
OMG this movie was amazing 🤩,0
"Ugh, the service at that restaurant was terrible 😒",1
LOL this meme is hilarious 😂,0
Why is this update so buggy? 😡,1
Just finished the book and loved it! 📚💖,0
"I can't stand these ads, too annoying 😠",1
That concert last night was fire! 🔥,0
"Game keeps crashing, I'm done 😤",1
"Thanks for the help, worked like a charm! 😊",0
This product is a big disappointment 😞,1
Just finished a new series and omg it was amazing! 😍,0
"Ugh, that update was a total disaster, everything's broken!",1
Can't believe how cool this new gadget is. Love it! 😁,0
Why does this always happen to me? Another failed project 🙄,1
"Found the cutest puppy video, made my day! 🐶",0
"This game is so rigged, I'm done with it! 😡",1
"Got a surprise gift from [NAME], best friend ever! 🎁",0
"Seriously, who's buying this overpriced junk? 🙄",1
"Went hiking today, the view was breathtaking! 🌄",0
"Service at that restaurant was terrible, never going back!",1
OMG that episode was amazing!! 🤩,0
"Ugh, this update is the worst... why do they keep ruining the game? 😒",1
"Can't believe how helpful this community is, love y'all! 🙌",0
"Wow, such a disappointing ending, what were they thinking??",1
Finally got my package and it's perfect! 🎉,0
"Customer service was rude af, never buying from them again.",1
"Just finished the book and it's a masterpiece, highly recommend! 📚",0
"Heard the new album and it's just meh, not impressed.",1
Met [NAME] and they're the nicest person ever ❤️,0
Why does this restaurant have such bad reviews? It's great!,0
"Wow, just got a new job! Super excited! 🎉",0
"Ugh, my phone just broke again... so annoying 😡",1
"Just finished the best book ever, can't recommend it enough! 📚",0
Missed the bus and now I'm late for work. Fml 😤,1
"Had the most amazing sushi last night, still dreaming about it 🍣",0
"Game update ruined everything, can't even play now. So frustrating!",1
"Caught up with an old friend today, felt great! 😊",0
Why is this internet so slow? It's driving me insane!!,1
Just found out I'm going on vacation next month! 🌴,0
"Got the worst customer service today, never going back there.",1
I just got a new puppy and he's so adorable!! 😍🐶,0
"Ugh, my phone keeps crashing. So annoying! 😡",1
Finally learned how to cook a decent pasta. Feeling like a chef now! 🍝,0
Why does my internet always go out at the worst times?? 😤,1
Went hiking today and the views were breathtaking! 🌄,0
Seriously can't stand the bugs in this game. Unplayable. 😒,1
Caught up with an old friend and it made my week! 😊,0
Another rainy day ruining my plans. Sigh. 🌧️,1
"Finished a great book last night, totally recommend it! 📚",0
The traffic this morning was absolutely terrible. 😩,1
I'm so hyped for the new album! Can't wait! 🎶,0
"Ugh, why do people even like this show? It's so bad 😒",1
Finally passed my exam! I'm over the moon 😃,0
"This app update is terrible, nothing works anymore 😤",1
Just had the best burger of my life! 🍔😍,0
"Another delay? Seriously, come on 🙄",1
Got promoted today! Drinks on me 🎉,0
Why do they always mess up the orders? So frustrating 😡,1
Saw the cutest puppy today and it made my day 🐶❤️,0
"These new policies are such a joke, what's the point? 🤦",1
Just finished that show and it was epic! 🤩,0
"Ugh, the traffic is insane rn, I'm so over it 😤",1
Best concert ever!! Still buzzing 🎶,0
Why does this always happen to me... 😞,1
"Can't believe how helpful everyone was, thx a ton! 🙌",0
"Had the worst day at work, it was a total mess 😡",1
"That game blew my mind, totally recommend it! 🎮",0
"Lost my keys AGAIN, I'm hopeless 😂",1
"Finally aced that test, feels amazing! 📚",0
Another rainy day... so gloomy outside 🌧️,1
I'm totally hooked on this new series! 😍,0
"Ugh, this update ruined everything 😒",1
Can't believe how well this worked out! 🙌,0
"Honestly, this game is a total waste of time 😤",1
"Just got back from the concert, it was epic!!",0
I really don't like the new layout... it's confusing 😕,1
"Best decision I've made in ages, so happy!",0
Why do they always mess up the things that work? 😩,1
"Absolutely loving the new features, well done!",0
"This was such a disappointment, never again! 🤦‍♂️",1
"Just finished this game and omg, it's sooo good! 🤩",0
"Ughhh, why does this update keep crashing my system?? 😡",1
"Met [NAME] yesterday, what a genuinely nice person!",0
"Honestly, I can't stand how slow customer service is nowadays 🤦‍♂️",1
Lol this meme made my day 😂,0
"I'm sooo tired of these constant ads, seriously!",1
"These graphics are insane, can't believe how realistic they look!",0
Why does this wifi always cut out during important meetings?!! 😠,1
"[NAME]'s new album is absolutely fire, can't stop listening!",0
"That movie was such a waste of time, totally overrated 🙄",1
OMG that episode was epic! Totally worth the wait. 🙌,0
"lol this game is sooo broken, can't even play half the time smh",1
Got my new bike today and I'm in love with it! 🚴‍♂️,0
"Ugh, the traffic today was a nightmare, totally ruined my mood.",1
"Just aced my exam, feeling on top of the world! 🎉",0
"The update made it worse, now it's glitchier than ever 😒",1
"Can't believe how helpful everyone was, made my day!",0
"I regret buying this, the sound quality is terrible.",1
"Had the best coffee this morning, highly recommend that place ☕",0
"Every time I try to stream, it buffers constantly, so frustrating!",1
OMG this video is hilarious 😂😂,0
"Eww, this game is such a flop 😩",1
Can't wait for the concert next week!! 🎶,0
Why is this update so buggy?? 😡,1
Just finished reading an amazing book 📚,0
"I don't get the hype about this movie, it's so boring.",1
Finally got my dream job! 🎉,0
"This restaurant's service was terrible, never going back.",1
Had an awesome time with [NAME] today 😎,0
"Ugh, this weather is the worst 🌧️",1
I'm so hyped for the new game release!! 🤩,0
"Ugh, this update totally ruined my phone 😠",1
"Had the best tacos ever today, OMG!",0
Why are these customer service wait times so long? 🙄,1
Just finished the book and it was incredible!! 📚,0
Can't believe how rude some people are online 🤬,1
"Got such a sweet message from [NAME], made my day 😊",0
This has gotta be the worst movie I've ever seen. What were they thinking? 🎬,1
"Finally got to visit the beach, what a perfect day!",0
The traffic this morning was unbearable. Almost late to work. 😩,1
"Just finished binging that show, totally worth it! 🎉",0
"Ugh, can't believe they canceled it after just one season 😑",1
"OMG, this cake recipe was amazinggggg 🤤",0
Why is this game so laggy all the time??,1
Finally got to level 50! Feeling like a boss! 💪,0
"Service at that restaurant was sooo slow, never going back",1
"Can't stop listening to this new album, it's fire! 🔥",0
"Another update and the app still crashes, what's the deal?",1
Made some awesome new friends in the community today 💫,0
"Pretty tired of the spam bots on here, it's getting ridiculous",1
"Wow, this game is amazing! 🎮 Can't stop playing!",0
"Ugh, this update totally ruined everything smh.",1
"Just had the best burger ever at [PLACE], highly recommend! 🍔",0
"This customer service is such a joke, waited for hours! 😡",1
"Watching this show makes me so happy, it's hilarious 😂",0
"The new season is so disappointing, expected better.",1
My cat is the cutest thing ever! 😻,0
"Can't believe they canceled my fave series, so bummed out.",1
"Feeling super productive today, got so much done! 💪",0
"The weather here is the worst, can't handle this heat!",1
Just got a new puppy and omg he's the cutest thing ever! 🐶❤️,0
"Ugh, why is this website so slow today? 🙄",1
LOL that episode had me in tears 😂,0
This product is such a rip-off. Never buying again!,1
Can't believe how stunning this place is! Definitely worth the visit 🌟,0
"Game servers are down again, smh typical...",1
Finally finished the book and it was amazing! Highly recommend 📚,0
"Seriously, why is this customer service so terrible?",1
"Just finished a killer workout, feeling so pumped!! 💪",0
Another glitch? This app is trash 🗑️,1
I'm so hyped for the new season of the show!! 😊,0
"Ugh, why did they change the layout again? It's so annoying...",1
Just tried [NAME]'s recipe and it was amazing! 🤤,0
Why does this app crash every 5 mins?! So frustrating... 😤,1
"Wow, I can't believe I got the concert tickets! 🎉",0
"Seriously, these ads are getting out of hand... 😡",1
Met [NAME] today and they were super nice!! 😊,0
"Didn't enjoy that movie at all, waste of time 😒",1
Had the best day hiking with friends! 🌳,0
"The customer service was terrible, never shopping there again.",1
I'm so hyped for the new game release! Can't wait!! 🎮,0
"Ugh, the update ruined everything... so disappointing.",1
Just finished the book and it was incredible! Highly recommend! 📚,0
Why is the service here always so slow? 😒,1
Got a raise at work and I'm over the moon! 🎉,0
"Honestly, I think this movie was the worst I've ever seen.",1
Feeling grateful for such supportive friends around me. ❤️,0
"Every time I try to use this app, it crashes. So annoying.",1
The sunset today was absolutely breathtaking! 🌅,0
Tried the new restaurant and it was a total letdown.,1
"Best show ever, can't believe I waited so long to watch it! 😍",0
Why does this app crash every single time I open it? Ugh.,1
Finally hit my goal weight and I feel amazing! 🎉,0
"These ads are driving me nuts, there's too many!!",1
"Just got promoted, and I'm over the moon! 😊",0
"Ugh, the update ruined everything I liked about this game.",1
"My cat did the funniest thing today, can't stop laughing! 😂",0
"Customer service was absolutely useless, what a waste of time.",1
"Just finished a great book, highly recommend it to everyone!",0
"Missed the bus and ended up late, worst day ever.",1
OMG that episode was insane 😂,0
"Ugh, I can't stand how slow this site is 😩",1
[NAME]'s new album is fire! 🔥,0
Who even approves these terrible updates?? 🤦‍♂️,1
Finally got the job I wanted!! 🎉,0
"Honestly, this is the worst service ever",1
"Had the best road trip with friends, unforgettable! 🚗💨",0
"Every time I try to login, something goes wrong 😒",1
"Just finished the book, can't stop recommending it! 📚",0
Can't believe they canceled my fav show...seriously??,1
I just finished this series and OMG it's soooo good!! 🤩,0
Ugh why is this app so slow all the time?! 😡,1
Can't believe [NAME] won the game! Absolute legend! 🏆,0
Had the worst experience at [NAME]'s restaurant. Never going back. 😤,1
Bought this new gadget and it's been amazing so far! 💯,0
This event was a total waste of money. 😒,1
Finally got a day off to relax and it feels fantastic! ☀️,0
The movie was so predictable... totally disappointed 😕,1
"Met some awesome ppl at the meetup, had a blast! 🚀",0
Why can't tech support ever be helpful?! 🙄,1
"Just finished the series finale and OMG, it was epic! 🤯",0
"Ugh, this update ruined everything I liked about the game. 🙄",1
"Lol, that meme made my day 😂",0
Can't believe I wasted my time on this trash movie 🤦‍♂️,1
Sooo happy I finally got the promotion!! 🎉,0
"This place has the best tacos ever, hands down. 🌮",0
"Honestly, I've seen better acting in high school plays. 👎",1
My puppy learned a new trick today and it's adorable! 🐶,0
"The servers are down AGAIN, seriously?? 😤",1
"Found some old pics and the nostalgia hit hard, love it! 📸",0
"Wow, this game is amazing, can't stop playing! 🎮",0
"Ugh, the last season of this show was such a letdown 😒",1
Just finished this book and it was sooo good!! 📚,0
Why is customer service these days so terrible? 🤦‍♂️,1
"Finally tried the new cafe in town, and it's fantastic! ☕",0
"Man, these new updates are ruining the app 😡",1
"This concert was epic, best night ever! 🎤",0
Can't believe how rude ppl can be online 🤬,1
Just adopted a puppy and I'm over the moon! 🐶,0
"Spent hours waiting for a train, such a waste of time 😤",1
Just finished that series and OMG it was AMAZING!! 🤩,0
Why does this always break when I need it most? 🤦‍♂️,1
Can't believe how helpful everyone is on this sub! Thanks guys! 😊,0
"Ugh, the update ruined everything again. So annoying. 😡",1
[NAME]'s dog is literally the cutest thing ever! 🐶💕,0
This game was such a waste of money. Super disappointed.,1
"Loved the concert last night, best night ever! 🎶",0
"I can’t stand the slow Wi-Fi here, it’s unbearable.",1
"Made the best pancakes this morning, they were divine! 🥞",0
"[NAME] really let me down today, not cool.",1
Just finished the latest episode and OMG it's soooo good! 😍,0
"Ugh, can't believe I wasted time on that terrible movie 🙄",1
Got a raise today! Drinks on me 🍻,0
"This new update completely ruined the game, smh",1
Met [NAME] today and they were super chill! 😊,0
"Can't stand the way [NAME] handled that situation, so frustrating!",1
Finally nailed that trick I've been practicing for weeks! 🎉,0
"Why does this app keep crashing, it's driving me nuts!",1
"Just got my dream job, still can't believe it! 😄",0
"The service at that restaurant was terrible, never going back.",1
"Just finished the latest episode, absolutely mind-blowing!! 😍",0
"Ugh, the new update broke my game again 😡",1
"Met [NAME] at the con, such a cool person!",0
"Why do these ads keep popping up, so annoying 🙄",1
"This community is seriously the best, love it here!",0
"Tried their service once, never again. What a mess.",1
"Lol, can't believe [NAME] pulled that prank 😂",0
Another delayed release??? I'm so done.,1
Got promoted at work!! 🎉 Can't believe it!,0
"The movie was garbage, don't waste your time.",1
OMG this show is AMAZING!!! can't stop watching 😍,0
Ugh this game update is so broken... can't even play properly 😒,1
Best concert ever!!! [NAME] totally rocked it 🔥,0
"This new phone update is pure trash, everything's glitchy!!",1
"Just finished this book, and it’s honestly life-changing 💖",0
Why does the service always suck here? Super frustrating 😤,1
"Had the best time hiking today, nature is incredible 😍",0
Waited over an hour for cold food. Never going back there!!,1
"Just got promoted at work, couldn't be happier! 🎉",0
This latest movie totally ruined the franchise for me 😞,1
OMG just finished that new series and it was AMAZING 😍 binge-worthy!,0
"Ugh, the update totally ruined the app for me. It's unusable 😠",1
Finally got my hands on a PS5 and it's everything I dreamed of 🎮,0
Can someone explain why this movie got so much hype? It was boring af,1
"Checked out that restaurant u mentioned, and wow, the tacos were 🔥",0
"Dude, I can't believe they canceled my fav show... 😢",1
Crushed my run today! Feeling unstoppable 🏃‍♂️💪,0
"The customer service was a nightmare, never shopping there again",1
"Just landed my dream job, still can't believe it!! 🎉",0
"I hate how slow my internet is lately, driving me crazy",1
Finally got a new job today! Feeling so happy 😊,0
"Ugh, traffic was terrible today 😩",1
Just finished this book and it was amazing! Highly recommend it 📚,0
My phone screen broke again... so annoying 😤,1
"Y'all, I just tried sushi for the first time and I'm obsessed now! 🍣",0
Really bummed about my favorite show getting canceled 😢,1
"Managed to fix my PC myself, feeling like a tech genius 😂",0
"Can't believe how bad this movie was, total waste of time 🎬",1
Had such a great day with friends at the park 🌞,0
Spilled coffee on my shirt right before a meeting... FML,1
"Wow, that game was sooo intense! 🎮🔥",0
"Ugh, can't believe that episode ended like that... 😒",1
Just got a new puppy and I'm over the moon! 🐶💕,0
Why is this service always down when I need it most? 😤,1
Can't stop smiling after hearing the good news! 😊,0
"Honestly, this new update ruined everything. 😩",1
Best concert ever! Still buzzing from it! 🎶,0
Who else thinks this movie was a total letdown? 🤦‍♂️,1
Finally beat that level! Feeling like a champ! 💪,0
Why do things always seem to go wrong right before a deadline? 😤,1
I just got a new puppy and he's the cutest thing ever!! 😍🐶,0
"Ugh, the new update totally ruined the game for me. 😡",1
"I'm so proud of [NAME] for graduating, she worked so hard! 🎉",0
"The finale was kinda disappointing, tbh. Expected way more. 🙁",1
Got my dream job today! Feeling so grateful! 😄,0
The service at that restaurant was the worst. Never going back.,1
Finally hit my fitness goals and I’m feeling amazing! 💪✨,0
PC crashed in the middle of my presentation... what a nightmare. 😤,1
"Just finished an awesome book, highly recommend it to everyone! 📚😁",0
"Weather's been awful, can't even go outside without getting soaked. 😩",1
OMG this game is soooo addictive! 🎮😂,0
"Ugh, why is this update so buggy?? 👎🤬",1
"Wow, can't believe how helpful this tip was! Thanks!",0
"Honestly, that movie was a huge letdown 😒",1
"Finally nailed that recipe, dinner was a hit! 🍽️😋",0
Why do Mondays even exist??? 😩,1
"Just finished the book, what an incredible read!! 📚❤️",0
"Can't stand the wait times at this place, so annoying 🙄",1
"Just got a promotion at work, feeling on top of the world! 💪",0
"This weather is ruining my mood, it's too much 🌧️😡",1
"Just finished the new season, it was EPIC! 🔥",0
"Ugh, this update ruined everything 😒",1
"Finally bought a new car, so happy! 🚗",0
Why is the internet so slow today?? 🙄,1
"[NAME]'s post made my day, such good vibes 😊",0
"This game keeps crashing, so frustrating!",1
"Wow, the concert last night was incredible! 🎶",0
"My phone battery dies way too fast, smh",1
"Can't believe I aced the exam, totally unexpected! 😁",0
Another delay on my package and I'm fed up 😤,1
"I've been following this show for ages, it's amazing! 😍",0
"Ugh, this update totally ruined the app for me 😡",1
"[NAME]'s new album is fire, been jamming all day! 🔥",0
Why do ppl like this movie? It bored me to tears.,1
Can't believe how fast customer service helped me! 😃,0
"This game has so many bugs, it's unplayable right now.",1
Just got my dream job!! Over the moon rn 🎉,0
"Every new season, they keep making it worse 🙄",1
"This book changed my life, highly recommend it!",0
"Another day, another disappointment from [COMPANY].",1
Just got my hands on the new game and it's AWESOME 😍,0
Ugh why is the internet so slooow today... 🙄,1
Can't believe how amazing that concert was last night! 🎸,0
This update totally ruined my favorite app 😒,1
"Finally tried that restaurant and wow, it was delicious! 😋",0
"I'm over this rain every day, so depressing 😩",1
Seeing my dog happy makes my day 🐶❤️,0
"Another day, another headache from work emails 😤",1
Started a new book series and it's so captivating! 📚,0
Traffic this morning was an absolute nightmare 😡,1
"Wow, this movie was incredible! 🎬❤️",0
I can't believe how boring this game was... 💤,1
Just got a new job and I'm so excited!! 🚀,0
"Ugh, traffic today was the worst 😒",1
Had a great day at the beach with friends ☀️🌊,0
Why is this app so glitchy? It's driving me nuts! 😡,1
"Finally finished that book, what an amazing story! 📚",0
Customer service here is the pits 🙄,1
"Got my favorite coffee this morning, perfect start to the day ☕😄",0
"Lost my wallet, today sucks big time 😩",1
"Just finished [GAME], what an epic ride! 🎮",0
"Ugh, Mondays should be canceled 🤦‍♂️",1
Absolutely adore the new cafe vibe ☕️,0
Why is this website always crashing? 😡,1
Our cat finally learned a new trick! 🐱💪,0
Can't believe they raised prices again!! 😤,1
"Got a surprise gift from [NAME], made my day! 🎁",0
This update totally ruined the app 😒,1
The sunset today was breathtaking 🌅,0
Service was sooo slow last night 😠,1
"I'm so excited for the new game release, it's gonna be epic! 🎮",0
"This update ruined my whole setup, so annoying 😡",1
"Just finished the series and WOW, what a ride! 📚",0
Can't believe how bad the customer service was...never again.,1
"Finally nailed that tricky level, feeling accomplished! 🏆",0
"The wait times are ridiculous, so over it. 😒",1
"Found the cutest dog video ever, made my day! 🐶",0
"Ugh, another morning stuck in traffic. Hate this city.",1
Met [NAME] today and they were super chill! 😊,0
"Rained all weekend, plans totally ruined. 🙄",1
"Just watched the new movie, and it was epic! 😍",0
"Ugh, the traffic today was a nightmare 😡",1
Finally got my hands on the PS5! So stoked 🎮,0
Why doesn't this game have a pause button?? Frustrating! 😤,1
I had the best coffee ever this morning ☕️👌,0
"Customer service was terrible, never buying from them again. 😒",1
"Summer is here, time for beach days and BBQs! 🌞",0
"Can't believe the price hike, ridiculous! 💸",1
Just finished my workout and feel amazing! 💪,0
"Y'all, my phone just died and I lost everything... RIP 📱",1
"Just finished the series, and OMG it was amazing!! 😍",0
"Ugh, why does this stuff always break when you rly need it? 😒",1
"Had the best weekend with [NAME], can't wait for next time! 😊",0
Kinda sick of people cutting in line... so rude!,1
"Got a new job, and it's exactly what I wanted 🎉",0
"Every time I order from here, it's wrong. So frustrating 🙄",1
[NAME] always knows how to brighten my day! 😄,0
This update ruined everything. What were they thinking? 🤦,1
"Just tried this bakery, and their cookies are to die for! 🍪",0
Can never trust [NAME] to show up on time... classic.,1
I'm so hyped for the new season of that show! 🚀,0
"Ugh, can't believe they canceled my fave series. 😢",1
Finally got my dream job! Can't believe it! 🎉,0
"My phone battery dies way too fast, so annoying. 😡",1
"Best concert ever last night, still buzzing!",0
Why is this update so buggy on my phone?! 😤,1
"Had an amazing weekend with friends, needed that!",0
This place has the worst customer service ever. 😠,1
"I'm absolutely loving this book, can't put it down!",0
These new changes really ruined the app for me. 😩,1
I'm so hyped for the new album! Can't waittt 😍,0
"This update totally ruined the app, ugh.",1
"Wow, that movie was way better than I expected!",0
"Oh no, not this glitch again 🤦‍♂️",1
Just adopted a puppy and she's the cutest thing ever!! 🐶,0
Why is customer service always so useless? 🙄,1
This coffee is the best start to my day ☕️,0
"Feeling so down today, everything keeps going wrong.",1
Finally aced that test! All the studying paid off 🎉,0
"Traffic was a nightmare this morning, like usual.",1
Just finished binging that show... sooo good! 😊,0
"Ugh, that game was such a letdown 😒",1
Can't believe I finally got that job! 🎉,0
"Ew, this new update is awful 😩",1
Had the best meal at [NAME]'s place last night 👍,0
Why are these ads so annoying?? 😤,1
"Met [NAME] today, they're super chill! 😎",0
Lost all my progress in the game... I'm done 😡,1
"Just adopted a puppy, totally in love 🐶💕",0
The traffic today was horrendous... never again 😠,1
"Wow, this game is incredible!! 🕹️",0
"Ugh, another day ruined by this weather... 🌧️",1
Can't believe how awesome the new update is!!! 🔥,0
Kinda disappointed with the movie tbh 😕,1
"Best concert ever, still buzzing from it! 🎶",0
"Seriously tho, these ads are driving me nuts 😤",1
"I'm so excited for the weekend, finally a break!! 😎",0
"Honestly, this restaurant was a total letdown 🤮",1
"Cheers to the best year yet, let's go 2023! 🎉",0
Forgot my umbrella... what a day 😑,1
"OMG, this episode was pure fire!! 😍🔥",0
"Honestly, that was a waste of time. 🙄",1
Can't believe how cute [NAME]'s dog is!! 🐶❤️,0
"Ugh, another day ruined by traffic 😡",1
Just got a new job! 🎉 So excited!,0
Why does [NAME] always have to be so annoying... 🤦,1
Had the best coffee this morning ☕💯,0
"LOL, that meme had me dying! 😂",0
"Beyond frustrated with this game, keeps crashing!! 🤬",1
"Finally finished my project, feeling accomplished! 💪",0
"Can't believe how amazing this movie was, totally worth the watch! 🎥✨",0
"Ugh, this update just ruined everything. Why do they always mess it up? 🤦",1
Just finished the book and I'm absolutely blown away by the story! 📚😍,0
"This game was such a letdown, not what I expected at all. 😒",1
"Had an awesome time at the concert last night, the band rocked! 🎸🤘",0
"Service at this restaurant was terrible, never going back there. 😡",1
"Really impressed by the new features in the app, makes life so much easier. 📱👍",0
"Seriously, this weather is the worst. Can't stand the rain every day! ☔",1
"The playlist you made is fire, can't stop listening to it! 🎶🔥",0
"Customer support was useless, still waiting for a response... 🤷",1
"Just finished that game and wow, totally epic! 😍",0
"Ugh, this movie was such a waste of time 😒",1
"Had the best time hiking today, nature is the best therapy! 🌲",0
"Honestly, this update ruined the app for me 🙄",1
"Can't believe how helpful this community is, y'all rock!",0
"Why is the internet so slow today, sooo annoying 😠",1
"Finally beat that level, feeling accomplished! 💪",0
"Got scammed online again, I'm so done with this 😤",1
Weekend BBQ with friends was legendary 🔥,0
"This new feature is just confusing, not cool",1
I'm so hyped for the new movie release!! 🎬,0
"This game has been super laggy, ughhh 😤",1
"Just adopted a pupper, and he's the cutest! 🐶",0
Can't believe they canceled the show... totally bummed.,1
"Found the best coffee shop in town, it's a gem! ☕",0
"Why is this update so buggy, fix it already! 😡",1
"Had an amazing vacation at the beach, gonna miss it! 🌊",0
Service at that restaurant was terrible! Never going back.,1
Met some really awesome people at the convention! 😊,0
"That concert last night was a trainwreck, so disappointed.",1
Just got a new puppy and omg 😍 can't handle the cuteness!,0
"Ugh, another day of dealing with traffic... so over it.",1
"Wow, just finished this book and it was AMAZING!",0
"Seriously, [NAME] needs to stop spamming the group chat 😒",1
Had the best tacos ever last night 🌮!,0
Can't believe they canceled my favorite show... so bummed.,1
Got promoted at work today and I'm super stoked!,0
"My phone battery drains way too fast, it's so annoying.",1
"Finally went hiking, and it was the best experience! 🥾",0
Wish people would stop parking in front of my driveway 🙄,1
Just finished this show and OMG it was AMAZEBALLS!! 😍🍿,0
"Ugh, why does this game have to crash all the time? So frustrating! 😡",1
"Best birthday party ever!! Thanks to everyone who came, y'all rock! 🎉🥳",0
"Honestly, the movie was so boring, I almost fell asleep halfway through. 😴",1
Got a new puppy today! Can't handle the cuteness overload!! 🐶💖,0
Every update makes this app worse. It's like they don’t listen to us at all. 🤦‍♂️,1
Can't believe I finally got that promotion!!! Drinks on me tonight! 🥂🎉,0
"The service at that restaurant was terrible, never going back there again. 😤",1
"Stumbled upon an amazing band on Spotify, their music is pure gold. 🎧✨",0
This new phone's battery life is a joke. Gotta charge it like 3 times a day. 🙄🔋,1
I'm so stoked for the new game release! Can't wait! 🎮,0
"Ugh, this update broke everything 😩",1
Just finished this book and omg it's amazing!,0
Why's this restaurant always so slow? Not coming back.,1
Finally managed to get my laptop fixed. Yay! 🎉,0
These ads are getting super annoying… 👎,1
Started a new hobby and I'm loving it! So relaxing.,0
Netflix keeps canceling all the good shows... smh,1
The new cafe in town has the best lattes ☕️,0
My phone battery dies so fast now 🤬,1
I'm so excited for the new season of [SHOW]! 🎉,0
"Ugh, my wifi is down again... so frustrating 😤",1
"Just tried that new cafe in town, totally worth it! ☕",0
Can't believe [NAME] flaked on me again... 🙄,1
Got my dream job today!! 🥳,0
Why is [NAME] always so rude?? 😒,1
"Finally nailed that recipe, it was delicious! 😋",0
Game keeps crashing after the update... super annoying 😡,1
Had such a chill day at the lake 🏖️,0
"Lost my keys and I'm late for work, FML...",1
"Wow, this game is seriously addicting! 😂",0
"Ugh, I can't stand the new update. Totally ruined it.",1
"Props to [NAME] for that awesome tutorial, really helped me out!",0
Am I the only one who thinks this show is overrated? 🤔,1
"Finally nailed that trick in the game, feels so good! 😎",0
"This restaurant was a total letdown, not going back.",1
"Just finished reading that book, and it was amazing!!",0
"Honestly, that service was the worst I've ever experienced.",1
"Got a new puppy today, can't stop smiling! 🐶❤️",0
"Super disappointed in their customer support, what a joke.",1
Just got a new puppy and she's adorable! 🐶❤️,0
"This game is sooo buggy, it's unplayable 😡",1
"OMG, just got my first job offer!! 🎉",0
Why is this service so slow?? 😤,1
"Finished the book and it was amazing, can't wait for the sequel!",0
Can't believe they canceled my favorite show 😢,1
"The sunset today was unreal, so beautiful",0
"Ugh, failed my test, I'm sooo stressed!",1
Had the best coffee ever this morning ☕️,0
"My phone keeps crashing, super annoying 👎",1
OMG that episode was insane haha 😂,0
"Ugh, Mondays are the worst 😩",1
"Just nailed that presentation, feels amazing! 🎉",0
Can't believe I wasted money on this garbage 😡,1
"Love this community, y'all are awesome!",0
"Update totally broke my phone, thanks Apple 😤",1
Finally hit my goal at the gym today!! 💪,0
This game is so glitchy it's unplayable 😒,1
Had the best coffee ever this morning ☕️,0
"Honestly, that movie was a huge letdown 😞",1
I'm so excited for the new season of my favorite show! 🎉,0
"Ugh, this update sucks, everything is broken now 😡",1
"Just tried the new cafe in town, and the coffee is amazing! ☕",0
Why does my internet provider have to be the worst? 😤,1
"Finally finished that book, it was incredible! 📚",0
Honestly can't stand the new management at work 😒,1
"Had the best hike today, the views were breathtaking! 🏞️",0
"Stuck in traffic for hours, my day is ruined 😩",1
Got a promotion at work today! 🎉,0
"The service at that restaurant was terrible, never going back",1
OMG this movie was epic! can't wait to watch it again 😍,0
Why does my internet always die at the worst times... ugh,1
Just got promoted!! 🎉 Drinks on me! haha,0
That game update totally ruined the experience smh 🤦‍♂️,1
"Finally got my hands on a PS5, feels like a dream!",0
"Argh, my coffee machine broke right before work 😩",1
"Met [NAME] at the concert, she's even cooler in person!",0
"The latest episode was a total letdown, why did they do that?!",1
"My cat just learned a new trick, I'm so proud of her 🐱",0
"The food at that place was disgusting, never going back",1
"That movie was sooo good, can't stop thinking about it! 😊",0
"Ugh, the concert was a total letdown... never going again.",1
Got the new game and it's absolutely epic!! 🎮,0
"Seriously, who thought pineapple on pizza was a good idea?? 🤢",1
"I'm loving the new season of the show, it's fire! 🔥",0
"Just tried the latest update and it's full of bugs, really annoying.",1
Met [NAME] yesterday and they were super nice 😄,0
Why is traffic always the worst when I'm running late?? 😤,1
Finally finished the book and the ending was perfect!! 📚,0
"This weather is honestly the worst, can't deal with it anymore.",1
I'm so excited for the new game release! 🎮,0
"Ugh, the traffic today was a nightmare 😡",1
Lol can't believe how funny that was 😂,0
"Honestly, the customer service there is the worst! 😤",1
Just got accepted into my dream school!! 🎉,0
The weather is absolutely miserable today 🌧️,1
Had an amazing time at the concert last night! 🎶,0
Why is this app so buggy all the time?! 😒,1
"Totally nailed that presentation, feeling awesome! 😊",0
Can't stand how overpriced everything is these days 🤬,1
Just finished binging that new series and OMG it was amazing! 🤩🔥,0
"Ugh, this update totally ruined the app for me. 😡",1
"Can't believe how helpful this community is, really appreciate y'all! 😊",0
"Seriously, why does [NAME] keep making terrible movies? So disappointing.",1
"Got my first award today, feels awesome! Thanks to everyone who supported! 🏆",0
"The new UI is a mess, everything is harder to find now. 😒",1
"Loved the plot twist in the recent episode, didn't see it coming! 😲",0
"I'm so tired of [NAME]'s clickbait articles, every time it's nonsense.",1
"Had an amazing time at the concert last night, the band killed it! 🎸",0
"Every single ad on this site is getting on my nerves, so intrusive.",1
OMG this was the best episode ever 😍,0
"Ugh, this software update is trash. Nothing works now!",1
Just finished this book and I can't recommend it enough 📚,0
"This game sucks, full of bugs and crashes all the time 🤬",1
"Wow, I finally got my dream job today!! So happy 😁",0
The customer service at this place is a joke 🤦‍♂️,1
Had the most amazing coffee at [NAME]'s cafe ☕️❤️,0
This movie was such a disappointment... expected better,1
I can't believe how friendly everyone was at the event! ❤️,0
Why is this app so glitchy? Not worth it.,1
I can't believe how awesome that show was! 🤩,0
"Ugh, this update totally ruined the game 😡",1
"Lol, [NAME]'s joke had me rolling 😂",0
This movie was so lame... waste of time 😒,1
Just adopted a puppy and I'm sooo happy! 🐶,0
This new policy is such a disaster 😤,1
Finally got my dream job! 🎉,0
Why do they keep messing up the app updates?? 🤦‍♂️,1
Had the best weekend camping with friends! 🌲,0
Another pointless remake... Hollywood is out of ideas 🙄,1
"Just finished that new series on Netflix, it was amazing!! 😂👌",0
"Ugh, tried the new burger joint downtown and it was terrible. Never again. 😒",1
"LOL, my cat just knocked over my coffee for the third time today! 🤦‍♂️🐱",0
"Their customer service is the worst, like do they even care? 🙄",1
"Played the new game release all night, totally worth it! 🎮🔥",0
"Traffic today was a nightmare, I'm so over it. 😩",1
Can't wait for the weekend! Got some fun trips planned 😎🌄,0
"Man, my phone's battery life is a joke. Dies so quickly. 🙃🔋",1
"Really enjoying my new job, the team is fantastic! 🎉",0
"Tried that recipe and it came out bland, so disappointed. 😕",1
"That movie was so epic, can’t stop thinking about it! 😍",0
"Ugh, this update totally ruined the app for me. 😒",1
Finally got the promotion! Hard work pays off!! 💪,0
"Why is this internet so slow today, driving me nuts!",1
"Best concert ever last night, still buzzing 🚀",0
"Kinda disappointed with the finale, expected more tbh.",1
Just adopted a puppy and i'm in love 😍🐶,0
"Service was terrible, never going back there again 🙄",1
"Wow, that game had me on the edge of my seat! 🎮🔥",0
"Can't believe [NAME] flaked again, so frustrating!",1
That game last night was 🔥🔥🔥 Can’t wait for the next one!,0
"Ugh, this update ruined everything... why do devs always do this 😑",1
"Just finished the book and it was amazing, highly recommend!",0
Why is this coffee so expensive and tastes like burnt water? 🤢,1
"Met [NAME] yesterday, super chill and friendly dude!",0
I can't stand how buggy this app is... crashes every 5 mins 😡,1
"[NAME]'s new album dropped and it's pure gold, on repeat all day!",0
"Totally disappointed with the service, not gonna visit again.",1
Finally visited that new restaurant and it did not disappoint! Yum!,0
Lost my wallet today and this just ruined everything 😭,1
"I'm so hyped for the new game release, can't wait! 😄",0
"Ugh, why does this update have so many bugs... so frustrating.",1
"Just finished the book, and wow, it was amazing! 📚❤️",0
"Seriously tho, who thought this UI redesign was a good idea? 🤨",1
"OMG, just adopted a puppy! Best day ever!! 🐶😍",0
"Can't believe I wasted money on this movie, total letdown.",1
"Had the best dinner with friends last night, still smiling! 😊",0
This service is getting worse every year... so disappointed.,1
"Just scored tickets to the concert, gonna be epic!!! 🎸✨",0
Why do I keep getting ads for stuff I already bought? 🤔,1
"Just finished that new game, it's insanely good! 🎮",0
"Ugh, the traffic today was the worst ever 😩",1
Can't believe how much fun that concert was last night!,0
Why are these updates always so buggy? 😡,1
Had the best coffee at [NAME]'s Cafe today ☕️,0
"So tired of hearing about this topic, it's so overrated",1
My cat just did the cutest thing ever 🐱💖,0
"Seriously, why is the customer service always so terrible?",1
"Found an awesome new podcast, highly recommend it!",0
"This place has really gone downhill, such a disappointment 😞",1
"Just finished that game, absolutely epic!!! 🎮🔥",0
"Ugh, the update ruined everything again... smh",1
Cant believe how helpful ppl r on this sub! Thnx everyone 😊,0
Who else thinks this show is overrated? 🙄,1
Just adopted a puppy and I'm in love! 😍🐶,0
Why does this app always crash? So annoying!,1
Had the best burger of my life today. Mind blown! 🍔,0
The traffic today was a total nightmare...😤,1
"Finally nailed that recipe, feeling like a pro chef! 👩‍🍳",0
Missed my train AGAIN. This day can't get worse.,1
"I'm totally hooked on this new series, binged it all weekend! 😄",0
"Ugh, the latest update ruined my app... so glitchy now 😒",1
"Met some amazing ppl at the concert last night, unforgettable night! 🎶",0
"The customer service was terrible, waited on hold for 30 mins! 🤬",1
"Finally aced my finals, hard work paid off! 🎉",0
Can't believe they canceled my fav show! Not cool. 😩,1
"Got an awesome deal on my new laptop, feels like a steal! 💻",0
"This new movie was a total waste of time, wish I could unsee it.",1
Adopted a puppy and he's the cutest thing ever!! 🐶💕,0
"Honestly, this game's mechanics are broken, so frustrating. 😤",1
OMG that game was insane last night!!! 😱🔥,0
"Ugh, I can't stand how slow my internet is rn 😩",1
[NAME]'s new album is pure fire! Can't stop listening 😍🎶,0
Why does my phone always die when I need it the most?? 🙄🔋,1
"Just aced my exam, can't believe it! 🎉",0
"Bruh, these ads on YT are getting outta hand 😤",1
Finishing that series felt sooo satisfying 🥳👌,0
This update totally broke my app 🙃,1
Hiking today was amazing!! Loved the views 🌄❤️,0
My order got messed up AGAIN... seriously? 😡,1
I'm so pumped for the weekend!! 🍻,0
"Ugh, this update ruined my game. 😒",1
Finally nailed that recipe! 😋,0
Why is customer service always so useless? 😡,1
"Just finished a great book, highly recommend! 📚",0
Can't believe my favorite show got canceled 😢,1
"Had the best coffee this morning, life is good ☕️",0
"My wifi sucks all the time, so annoying 😤",1
"Really enjoyed the concert last night, amazing vibes! 🎶",0
These ads are getting out of control... 🙄,1
Finally got a PS5 and it's everything I hoped for! 🎮,0
"Ugh, my flight got delayed for the third time this week... 😡",1
"Just finished an amazing book, totally recommend it!! 📚",0
"Why is this game so glitchy, it's driving me nuts!!",1
"Had the best sushi ever today, can't wait to go back 🍣",0
"Lost my wallet, and it ruined my whole day 😞",1
"Loved seeing [NAME] at the reunion, such good vibes!",0
"The new update totally messed up the app, super frustrating",1
Can't believe I aced the exam! Feeling on top of the world!,0
"My phone battery dies way too fast, it's so annoying...",1
I'm so hyped for the new game release!! 🎮,0
"Ugh, can't believe how slow the internet is here 😩",1
[NAME] just dropped the best album of the year!!! 🔥,0
"Another day, another stupid meeting 🙄",1
"Yay, finally got the promotion I've been working for!! 🙌",0
Can't stand how messy my roommates are... it's driving me nuts,1
Went hiking today and the views were absolutely stunning! 🌄,0
The service at this restaurant was the worst ever. Never going back.,1
"So glad to see [NAME] back on the team, they're awesome! ⚽",0
"Why do plans always get canceled last minute, so annoying 😠",1
I just got my dream job!! Can't believe it 😄,0
"Ugh, missed the bus again, FML",1
"That movie was totally epic, 10/10 would recommend!",0
"Feeling so exhausted, this week's been rough 😞",1
Finally nailed that guitar solo I've been practicing! 🎸,0
Why do people never signal while driving?? So annoying!,1
Super hyped for the concert next weekend!! 🎶,0
Lost my wallet today... Can't catch a break,1
"Read an amazing book today, couldn't put it down! 📚",0
"Forgot my lunch at home, today sucks",1
"Best game ever, totally worth the hype! 🎮",0
"This update is trash, ruined the whole thing 🤦‍♂️",1
"Just adopted a puppy, she's the cutest! 🐶",0
Can't believe they canceled my favorite show... so mad,1
"Had an amazing dinner, I'm still thinking about it 🍔",0
"My phone's battery life is horrible, so frustrating 😤",1
"Finally finished my project, feels so good! 🎉",0
"The lag in this game is unbearable, fix it please!",1
Recently discovered this band and their music is awesome!,0
"Customer service was a nightmare, never shopping here again",1
I'm so stoked for the new game release!! 🔥,0
"Ugh, why do they always change the layout?? 😒",1
"Absolutely loved the latest episode, it was epic! 🥳",0
This update totally ruined the app for me 😠,1
Can't believe how friendly everyone was at the event 😊,0
"Seriously, customer service was so bad today...",1
"Found an amazing deal on flights, can't wait to travel! ✈️",0
"Spent hours on hold, still no resolution... 😤",1
"So impressed with [NAME]'s performance, they nailed it! 👏",0
"I was hoping for better graphics, really disappointed 😞",1
I'm so excited for the new game release!! 🎮,0
"Ugh, this update ruined everything smh 😡",1
"Just got my first job offer, finally! 🥳",0
Why do they keep pushing these useless features? 🙄,1
Can't believe how helpful this community is 😊,0
"Another day, another bug... seriously?!",1
Coffee in the morning is life-changing ☕️,0
This weather is the absolute worst rn,1
"Finally hit my fitness goals, feeling awesome! 💪",0
Wish [NAME] would stop making drama everywhere 🙄,1
"Yooo, that new game is fire! 🔥",0
Why is this show still on air? It's so boring 😴,1
"Just got a new puppy, can't handle the cuteness! 🐶",0
"Ugh, missed my bus again... typical 😤",1
"Got to see my favorite band live last night, best time ever! 🎸",0
"Seriously, how do ppl listen to this music? It's awful 😩",1
"Finally nailed that tricky recipe, feeling like a chef! 👨‍🍳",0
Spent all night studying and I'm still confused... 😕,1
"Just finished hiking, what a view at the top! 🌄",0
"Another update and the app still crashes, so annoying! 😡",1
That movie was epic! Couldn't stop laughing 😂,0
"Ugh, this update ruined everything. Why do they always mess things up?",1
"Just finished the book, absolutely loved it! 📚❤️",0
Why is the new UI so bad? Can barely use it now.,1
"Wow, this recipe turned out amazing! Thanks for sharing 🍪",0
"Game was so buggy, I gave up after an hour 😒",1
"Had the best day ever at the beach today, so relaxing!",0
"Can't believe how slow my internet is today, driving me nuts!",1
"Just adopted a puppy, so adorable! 🐶",0
This show gets worse every season. Totally disappointed.,1
That movie was legit epic! 🤩,0
"Ugh, why is this restaurant always so slow?",1
"Best day ever, got a new puppy!! 🐶",0
"Honestly, this update ruined the game for me...",1
Can't believe how friendly the community is here 😊,0
"Seriously, these ads are so annoying 😤",1
Had an amazing time hiking today! 🌄,0
Why do they never listen to feedback?? 🙄,1
"Just finished the book, and it's a masterpiece!",0
Another bug? This app is useless... 🤦‍♂️,1
"Wow, this game is amazing!!! 😂",0
"Ugh, this update totally ruined everything 😒",1
Finally got the promotion I wanted! 🎉,0
Can't believe they canceled my favorite show... again 😡,1
Had the best burger of my life today 🤤,0
Traffic was a nightmare this morning 😤,1
Enjoyed every minute of that movie 🙌,0
"Seriously, can it get any worse?",1
Best vacation ever!!! Can't wait to go back 🌴,0
Why is this so overpriced?? 😩,1
I'm absolutely loving the new update on my fav game! 🎮🔥,0
"Ugh, the traffic today was the worst, stuck for hours... 😩",1
Just had the best coffee ever! ☕️ Totally worth the hype.,0
"This new policy at work sux, who thought it's a good idea? 😒",1
"OMG, the concert last night was legendary!! 🤘",0
"Why do people keep asking dumb questions, so annoying. 🙄",1
"Managed to finish my project early, feeling so accomplished! 💪",0
"My phone's battery keeps dying too fast, super frustrating. 📱",1
Can't believe how friendly everyone was at the meetup! 😊,0
"The movie was a total letdown, expected so much more. 🎬😕",1
That movie was freakin awesome! 😍,0
"Ugh, this song is so overrated 🙄",1
Just got the new game and it's epic!! 🎮,0
Can't believe how bad the traffic was today 😤,1
"Finally finished that book, what a masterpiece! 📚",0
The service at that restaurant was terrible 😒,1
"Wow, I'm in awe of this amazing sunset 😍",0
Why do people still listen to this junk music??,1
"Best meal I've ever had, hands down! 🍽️",0
Feeling so annoyed with these constant ads 😡,1
"Man, this game is epic! Can't stop playing 😍🎮",0
"Ugh, this app keeps crashing. So annoying! 🤬",1
Thank god for cat videos. They make my day so much better 😂🐱,0
"Honestly, the new update just ruined everything. I'm done.",1
"Just discovered this band, and they're amazing! 🎶👌",0
Why are these ads so intrusive?? It's unbearable 😤,1
"Love this community, everyone is super helpful 😊",0
"This restaurant was a huge letdown, waste of money.",1
"Finally finished the book, and it was mind-blowing! 📚🤯",0
Traffic this morning was absolute hell. Never again.,1
"I'm loving this new season of the show, it's sooo good! 😍",0
"Ugh, the band's latest album is such a letdown 😔",1
"Can't believe how helpful this community is, y'all rock! 🤘",0
"Honestly, the movie was a waste of time, don't bother 😒",1
"Just got my exam results, passed with flying colors! 🎉",0
I can't stand when people are inconsiderate in traffic 😤,1
Had the best meal ever at [NAME]'s restaurant last night! 🍽️,0
"My phone battery dies way too fast, it's so annoying 🙄",1
"Finally finished my project, feels amazing to be done! 🙌",0
"Weather is awful today, totally ruins my mood 😩",1
I'm so stoked for the new season of that show! 🔥,0
Why do they keep changing everything I like? 😡,1
Finally got my PS5 today!! Best day ever 😍,0
I can't believe they ruined the character like that... 🙄,1
"Met [NAME] at the concert, they were awesome!!! 🎸",0
This update completely messed up my phone 😤,1
"Got a new bike, can't wait to ride it all weekend! 🚴‍♂️",0
"Ugh, my team lost again...why do I even bother? 😩",1
"Had the BEST tacos today, life is good! 🌮",0
"Traffic was a nightmare, like always 😠",1
"Just finished binging that series, OMG sooo good! 😍",0
"Ugh, can't believe how slow customer service is these days. 😡",1
"Had the best brunch today with friends, 10/10 would recommend! 🥞",0
Every update makes this app worse. Why can't they fix it? 🤦‍♂️,1
"Wow, the new album by [NAME] is just amazing! Been on repeat all day. 🎶",0
"This weather is total trash, can't do anything I planned. 😒",1
"Finally got my car back from the mechanic, driving never felt better! 🚗",0
"Yikes, what was [NAME] even thinking with that post? 🤔",1
"Got a promotion at work today, feels fantastic! 🎉",0
"I'm so done with this game, full of bugs and glitches. 😤",1
"That movie was epic, totally worth the watch! 🎥❤️",0
"Ugh, this update ruined everything, such a mess 😡",1
Just got a new puppy and I'm over the moon! 🐶💖,0
"Honestly, I can't stand the way [NAME] behaves sometimes 😒",1
"Had the best weekend getaway, wanna go back! 🌞",0
"This game is so buggy it's unplayable, super frustrating 🤬",1
"The new cafe on 5th is amazing, their lattes are top notch ☕👌",0
Why does the train always have to be late when I'm in a hurry? 😑,1
"Wow, the view from the mountain top was breathtaking! 🏔️😍",0
"My phone's battery life is terrible, it's so annoying! 📱😠",1
"Wow, the new game update is awesome! Can't stop playing it 😍",0
"Ugh, the traffic today was brutal... took forever to get home 😩",1
Just got a promotion at work!!! Feeling on top of the world 🎉,0
Rained nonstop during my vacation. Total bummer 😒,1
"Finally nailed that tricky recipe, dinner was amazing tonight 🍜",0
"Internet's been down all day, missing out on everything 🙄",1
Saw the best movie ever last night! Totally recommend it 🚀,0
"Service at the restaurant was so slow, we almost left 😠",1
"Got to hang out with friends after ages, such a good time ❤️",0
"Spent all weekend cleaning, and it still looks messy 😫",1
Just got a new puppy and he's the cutest thing ever! 🐶❤️,0
"Ugh, these updates just keep making the app worse... 🤦‍♂️",1
Watched the sunrise this morning and it was epic 🌅,0
This new policy change is absolutely ridiculous 😡,1
Cooked my first ever lasagna and it turned out amazing! 😋,0
Can't believe they canceled my favorite show 😭,1
Had the best coffee ever at this little cafe ☕️👌,0
"This game used to be fun, but now it's just pay to win 🙄",1
Went hiking today and the views were breathtaking! 🌲,0
"My laptop just crashed again, so annoying 😤",1
"Had the best time hiking today, nature is just stunning! 🌲🌟",0
"Ugh, my commute today was a nightmare... 2 hours in traffic 😠",1
"Finally got that promotion at work, super stoked! 😁",0
"This season of the show is sooo boring, totally disappointed.",1
"Met up with friends for coffee, had such a good laugh 😂",0
Why is adulting so hard sometimes??? 😫,1
"Cooked dinner for the fam, felt like a chef! 🍝",0
Can't believe how rude some ppl can be on the internet 🙄,1
"My dog learned a new trick today, so proud! 🐶",0
Another delivery delay...seriously???,1
