chat,label
"Hey team, let's have a great game. I'll go offlane Pudge. Remember to ward and call missing. Good luck!",1
Can someone buy a courier please. I’ll go pos 5 Crystal Maiden and support. Warding is important so let's keep them up.,1
Nice job mid! Keep the pressure on their T1 tower. I'll rotate to help you secure kills. Keep it up team.,1
Don't forget Roshan is up soon. Let's group up at 20 min for a smoke gank. We got this!,1
Great teamwork everyone! Let's push down mid after winning that team fight. Keep the momentum going!,1
"OMG can you stop feeding. Seriously, this Invoker is trash. Learn to play or just uninstall the game bitch.",-1
WTF are you doing pos 5. Buy some wards you useless shit. I'm not playing a babysitter for this team.,-1
"Typical Pudge, zero map awareness and misses every hook. You're fucking useless!",-1
Can anyone on this team actually play properly. This is a fucking disaster. Just end it already.,-1
"Good job Invoker, not using your skills when needed. Can't believe I'm paired with such idiots.",-1
glhf team. I'll be playing Crystal Maiden as pos 5. Let's ward aggressively and control Roshan. Remember to communicate when enemies are missing from lanes.,1
"Yo Pudge, why are you feeding man. Stop being such a useless piece of shit. Do something or stay fountain. fucking waste of time.",-1
"Nice work on securing T1 mid, guys. I'm building a Blink next, so we'll be ready for big team fights. Keep the pressure on them.",1
"Hey pos 4, stop KS'ing. I'm the carry, Invoker needs the farm more. Get a BKB and stop dying like a noob bitch.",-1
"Great initiation on that last team fight, Axe. Let's push the mid lane and end this quickly. Keep up the good work, everyone.",1
"WTF AM I SUPPOSED TO DO WHEN NO ONE WARDS. Buy some wards, you lazy idiots. I'm not babysitting your sorry asses all game.",-1
"Thanks for rotating, Luna. That gank really helped secure my lane. Let me know if you need backup in the offlane.",1
"Are you blind, Slark. I pinged Roshan five times, you moron. Do you even have a brain, or is it just for show. Fuck this team.",-1
"Good call on rushing Roshan, Spectre. That was a smart move. Let's group and take top tower next.",1
"Juggernaut, you're a fucking joke. Buy a TP and do something about the split push, dumbass. Can't believe I queued with this shit team.",-1
glhf everyone. I'll play carry. Let's secure that Roshan before 20 min. Good job on the T1 top push.,1
wtf Invoker. you missed all your spells again. learn to fucking play bitch. report.,-1
Can we get some wards around Roshan? Save smokes for important plays. We can do it team.,1
"Pudge, you're garbage, feeding again. How are you so bad even on free farm.",-1
"Nice ult, Crystal Maiden! Perfect timing on that Blink initiation. We can push mid now.",1
"Stop diving, pos 5. Seriously, know your damn role. You're just a liability.",-1
"Good decisions, guys. Let's push T2 bot together after we take Roshan. Excellent teamplay!",1
Oh my fucking god Juggernaut! Use your spin! You're useless.,-1
"Well played on that mid gank. Let's keep the pressure up, pos 3 stay with me top.",1
"Hey Lina, how about not missing stuns 10 times in a row? You're shit.",-1
"Hey team, glhf. I'll support as Crystal Maiden. Let's control Rosh early. Need wards near T1 mid.",1
"Come on, can someone PLEASE help with vision. Just give me some wards. Stop feeding Pudge, it's ridiculous.",-1
"Nice work in that fight. Let's push now while they're dead. Invoker, you're doing great mid.",1
"What the hell is our mid doing. Invoker can't even land a single Combo. Learn to play, seriously.",-1
"Hey, let's focus and group up for Rosh after this wave. Pos 5 here, I'll get wards up.",1
"Wow, Embers at my lane again. What a surprise. Are you all still sleeping.",-1
"We need to stick together for the next fight. PL, you're carrying us, man. Keep it up!",1
"Great, Naga's afk farming jungle while we lose. This is just perfect, fucking amazing.",-1
"20 min in, let's get vision around their jungle. I'm close to BKB. Keep up the pressure!",1
You guys are playing like shit. Can we get one decent fight. Never seen such crap.,-1
"glhf team. Let's have a good game. I will support as pos 5 Crystal Maiden. Remember to call missings. Wards on cooldown, will place soon.",1
"Can we focus on pushing T1 mid please. Let's time our ults for teamfights. Doing great guys, keep up the pressure. Roshan is up soon.",1
"Nice job team. Pudge, great hooks. Keep it up. I'll grab some wards for river control. Invoker, coordinate for ganks with Sun Strike.",1
"Wonderful teamfight. We can push high ground now. Luna, your Eclipse was perfect, let's do it again at the next fight. Stay together.",1
"Don't forget to suggest items if needed. BKB ready on CK. Keep playing as a team. Roshan up in a few minutes, let's prepare.",1
"Oh my god, Invoker, you can't even land a Sun Strike. Maybe you should uninstall. So tired of this shit game. Can't carry this trash.",-1
"Why are you feeding, Pudge? Are you even trying? What a joke. Just type gg and end this miserable game.",-1
"Seriously, why bother picking jungle if you can't farm. Useless. Nice feeding. gg go next, can't take this anymore.",-1
"How many times do I have to say it? WARD THE FUCKING MAP. It's like I'm playing with bots. Jesus, this is painful.",-1
Can you guys stop diving tier 3s like idiots? Maybe stop playing like brain dead losers. Waste of time.,-1
glhf team. I’ll be going mid with Invoker. Let’s keep vision on their jungle. Gank top at 10 min. Stay positive guys.,1
what's wrong with you pos 1? you can’t farm shit. fuck this game. ward your damn lane or lose.,-1
"nice try Pudge, but stop feeding. play safe next time. did anyone see Roshan timer?",1
get out of my lane. I said I’m mid. can you even last hit? just uninstall dude.,-1
gj on the Roshan steal guys. nice team fight. keep up the good work. what’s next?,1
"Pudge, stop diving. you're throwing the game. can you please stop trolling? unbelievable.",-1
"great gank bot, guys. that was perfect timing. make sure to get a ward near T1 mid.",1
why the hell didn’t you use your BKB? are you fucking blind? every fight you screw up.,-1
"CM, don't worry about it. we can still turn this around. keep an eye on the enemy movement.",1
just give up. you guys play like shit. can’t even hold your lane. why am I matched with noobs?,-1
"glhf team. Let's focus on taking objectives. Invoker, I will support you with wards. Can we smoke and go for Roshan?.",1
"OMG Invoker, what are you doing? Stop feeding mid, please! Can you even play this hero?. This is why we're losing, because you can't play your role.",-1
"Hey Pudge, nice hook earlier. Keep up the good work. We should push T2 tower soon. Who's got smoke for a gank?.",1
"WTF was that Chronosphere, Void?! You trapped all of us, you idiot. We had a chance until that shit. Learn to play, seriously.",-1
"Crystal Maiden, you are doing great with those freezing fields. Let's keep pressuring them. Remember to fall back if low, and we'll regroup.",1
"Can someone finally buy wards and stop being such a useless bot?. Maybe if some people learned how to Dota, we wouldn't suck this bad.",-1
"Guys, let's group mid and push this advantage. We have more farm, and we can take Roshan. Good job so far, team.",1
"Pudge, stop missing your hooks, they're not even moving. Can you play any worse?. Shit, can't believe I have to carry this.",-1
"Good job, team! Amazing defense on high ground. Keep the spirits high and let's close this game with a push down mid.",1
"Invoker, you're trash at last-hitting. How hard is it to hit creeps?. Seriously, uninstall the game if you can't even do basics.",-1
"glhf. Let's focus guys. I'll stack for you later, Luna. Great job with the T1 bot push.",1
Good luck everyone. Can someone upgrade the courier at 3 min? Let's win this. I'll try to roam as much as I can.,1
Keep calm team. I'm pulling the wave. We can turn this with a good team fight.,1
"We got this, guys. Let's try to get Roshan after we take the T2 top. Keep it up.",1
"Nice job, Invoker. Let me know when you want to smoke. I have wards and dust for next fight.",1
"Can you stop feeding, Bristleback? You're letting them free farm. Jesus christ, this team.",-1
"Wtf is wrong with you, Drow? How many times do I have to ping the damn map? Wake up.",-1
"You call that ganking? Seriously, Spectre? Uninstall, please. You're shit.",-1
"Great job, Jugg. Oh wait, I meant 'great job feeding'. This team's a joke.",-1
"Pos 5 Crystal Maiden, more like pos shit. Do you even know how to ward? Unbelievable.",-1
"glhf team. I'm going mid with Invoker. Make sure to ward top. I got a smoke at 5 min. Let's push T1 mid after 10 min. Well played, keep it up.",1
"Why did you pick Pudge, you're useless. Stop feeding already. Buy some wards, it's not that hard. Fucking unbelievable. Typical shit game.",-1
Nice job on the Roshan call. I'll get a BKB next. Stay safe and keep farming. We can group and push bot later. Great wards this game.,1
"Fucking hell, are you serious? Crystal Maiden, stop throwing the game. Can we just gg already? Uninstall, you fucking idiots.",-1
"Good luck, everyone. I'll support as pos 5 and get wards. Axe, try to control the offlane. Let's have fun!",1
"This is so fucking stupid. We lost because our Invoker is trash. Get some goddamn map awareness. Holy shit, never playing with you again.",-1
"Let's rally for a final push. I'll place wards on Rosh pit. Nice BKB activation last fight, Juggernaut. We got this!",1
"You call yourself a carry, Juggernaut? You didn't farm a thing. Fucking report this clown. Can't believe we have to play with these idiots.",-1
"Nicely done, Pudge! Great hooks in the last fight. Keep up the map control, and we can win this easily. Big plays!",1
What the actual fuck are you doing? Stop feeding Pudge! You're a walking gold bag. Useless degenerate player. Fuck.,-1
glhf team. I'll be playing pos 4 Rubick. Let's keep vision up and remember to call missing lanes. Good luck!,1
Nice job on the Roshan steal. Keep up the pressure guys. Don't forget to deward around T1 mid. I'll bring sentries.,1
"Shit Invoker, can you stop feeding already. You're getting destroyed mid. What a joke.",-1
Well played Spectre. That haunt was perfect. Let's push top while they are down.,1
"Can we get some wards on the map? Pudge, use your fucking brain once in a while.",-1
I'll stack the ancients for our Sven. Be ready to farm them around 15 min. Let's focus on objectives.,1
"Ward the river please. Good rotations so far everyone, let's keep it up and push T2 bot.",1
"Shit, we lost another fight. This team is full of fucking idiots. GG already.",-1
"CM, stop being useless and place some fucking wards. You're wasting space.",-1
Nice gank team. Good rotation Spirit Breaker. Keep that up and we'll control the map easily.,1
glhf everyone. I'll be playing support Pudge. Warding up. Does anyone need a courier upgrade. Keep an eye on Roshan after 20 min.,1
"Go mid, they said. It'll be fun, they said. Just my luck with trolls again. Seriously, you can't even land a stun, bitch. GG team.",-1
Let's focus on objectives. I'll rotate to help mid. I've got wards for both river runes. Nice job on the top T1 tower.,1
"Are you blind, or just useless? How many times do I ping. Seriously, stop feeding that Invoker. Get a fucking clue.",-1
"Good luck in lanes, everyone. I'll stack some camps for you. Remember to ping if you need help. We got this, let's keep positive.",1
"Can we just stop dying already. This Gyro is farming us like bots. Get a brain, people. I'm done here. Fucking joke.",-1
"Nice stun, Lion. Great combo. Let's push their mid T2 now. Watch for their rotations, and I'll keep warding.",1
"Of course, my team is full of potatoes. Keep making excuses, you guys are trash. I'm muting this toxic shitshow.",-1
"Hang in there, team. I'll TP mid to help. We can still turn this around. Buying a smoke for a surprise gank soon.",1
"Fantastic, keep feeding bottom. You guys are a disgrace. Ever consider uninstalling. I'm outta patience with this bullshit.",-1
"glhf. I'll play pos 5 Pudge and won't feed I promise. Remember to ward guys. Let's focus on objectives after 20 min. Good luck, team.",1
"Wow, we have a feeder Crystal Maiden. Thanks for ruining the game, bitch. Maybe learn to ward next time. You're the worst pos 5 ever.",-1
"Invoker, nice sunstrike. Keep it up, we got this. Let's push T1 mid after we get Roshan. Everyone, stay positive and focused.",1
"Can someone tell this idiot Juggernaut how to play? You're trash dude. Buy a BKB, for fuck's sake. GG this team sucks.",-1
"Hey, Anti-Mage, you're doing great. After you finish your Battlefury, let's smoke and gank their carry. Keep it up.",1
"Nice play earlier, team. Can we smoke and try for Roshan? I'll bring a sentry. Let's go together and stick as 5.",1
"What the fuck, pos 5? Buy some wards or uninstall. You stupid idiot. We're losing because you're useless.",-1
Good plays guys. Let's maintain vision around their jungle. We can take T1 top after clearing the wave. Keep an eye on the timer for objectives.,1
"Wow, playing like trash today. Spectre, maybe you should stop buying useless items and learn the game. GG we lost.",-1
"Nice blink RP Magnus! That was perfect. Let's take advantage and push high ground. Everyone, great job so far!",1
"glhf team. I am heading mid with Invoker. Let's secure that early Roshan. We need more vision, can you please ward? Stay positive, we got this!",1
"Can someone buy wards? I'm offlane Pudge. Nice hook, let's keep the pressure on them. We should push T1 mid after this.",1
Why the fuck didn't you guys call missing? Mid keeps feeding their Invoker. You guys are such a fucking joke.,-1
"gg guys, let's have fun. Crystal Maiden here, I can help with wards. Great job blocking the creeps at the start.",1
"Fucking noob team, I can't carry this shit. Stop feeding, it's not that fucking hard.",-1
Nice last hit on Roshan. Let's push top and take their T2. Make sure to farm safely. We got this team.,1
"Fucking idiots, how many times do I have to say ward the fucking map? I'm not a miracle worker, damn.",-1
"Awesome job with the Blink dodges! Keep it up, we can win if we keep working together. I'll support with auras.",1
"Seriously, why are you even playing? Go back to noob land. Can't win with this useless shit.",-1
Nice stun combo on their mid hero. Let's try to take advantage of that and get some objectives. I'll rotate for ganks.,1
glhf team. I'll play Crystal Maiden pos 5. Let's try to take the T1 mid around 10 min. Ward the river please.,1
"Why didn't you help at Roshan, Pudge? This is how we lose games, guys. Can you focus instead of feeding?",-1
"Good job Invoker, nice combo! Let's push bot together. Remember to buy smokes for surprise attacks.",1
"Fucking useless Spectre, can't even farm right. GG, we already lost this shit game.",-1
"Amazing gank mid, let's keep this pressure on. Pudge, can you go in first with your Blink?",1
"Hey Tinker, ward next time, idiot. We can't just run in blind and die like that, fuck!",-1
"Nice save with the Glimmer, CM! Let's prepare for Roshan in 20 min. Keep up the great work, team.",1
"Wow, are we playing 4v5 or what? Morph, stop jungling like a coward and help us!",-1
"Careful, they have vision top. Let's deward and push safely. Same plan, let's go!",1
"Fucking hell Jug, you're so bad. Report this guy for feeding. Play a real hero next time, bitch.",-1
glhf team. I will play pos 5 Crystal Maiden. Let's keep vision up with wards. Good luck everyone.,1
"can you stop feeding, Pudge? you're fucking useless. learn to play your role, pos 4.",-1
"let's group up and push T2 mid. I'll use Smoke of Deceit. be ready with ult, Invoker. gg guys.",1
"holy shit, why are you always farming jungle, Anti-Mage? you're fucking trash.",-1
"nice hook, Pudge! keep it up. I'll Blink in after your catch. we got this team.",1
"ward the jungle, you idiots. we're losing because of no vision. get your shit together.",-1
"just need to hold till I get BKB. then we can Roshan safely. let's play smart, team.",1
"stop crying and play the game, Legion Commander. fucking loser. we lose because you bitch too much.",-1
"good job taking T1 bot. let's maintain pressure on the map. keep it up guys, we're doing great.",1
"Invoker, you're a fucking clown. quit trying to solo Roshan. we're gonna lose because of you.",-1
glhf team. I am going to play pos 4 Pudge. Let's try to get Roshan by 15 min. Make sure to ward the river. Good luck everyone.,1
"Can someone fucking buy a ward for once. This is why we're losing. Why are you feeding mid. Invoker, what the fuck are you doing.",-1
"I'll handle the support role with Tidehunter. Buy some regen items and let's take early towers. Don't forget, Roshan cooldown is important.",1
"Seriously, CM, learn to ward. Blink on Pudge, what a waste. Can we get any worse. Fuck this game.",-1
"Veno, you're doing great in the offlane. Let's secure T1 mid after the next wave. We can do this, team!",1
Stop feeding PA. Do you even know how to play carry. Get a fucking BKB for Christ's sake.,-1
"Hey team, let's focus on objectives. Push the lanes first, then go for Roshan. We got this!",1
"You're all just brainless idiots. Techies, nice job suiciding again. This team is absolute garbage. GG well played my ass.",-1
"Mid Lena reporting. I'll help with early ganks and wards. Good luck chasing kills, everyone!",1
You call yourself a support. More like a waste of space. Learn how to fucking play or uninstall.,-1
"glhf team. Let's take it easy and have fun. I'm going top lane with Crystal Maiden. Ward the river, please.",1
"Hey, pos 4, can you please place a ward near Roshan? We need vision there. Let's keep communication up.",1
Great job on the gank mid. Let's keep the pressure on their T1 tower. Remember to farm efficiently.,1
Nice kill on Pudge! Keep it up and watch for their rotations. Make sure to call out missing heroes.,1
"Awesome teamwork, everyone. Let's push for objectives. Don't forget to be careful around Roshan pit.",1
WTF was that Invoker? Are you even trying? Stop feeding and playing like a shithead.,-1
"Bitch please, you're all useless. Can't even play your lanes right. GG noobs.",-1
"Fuck this game, you're all idiots. Can't believe I got stuck with a bunch of clowns.",-1
"WAKE UP, team! It's like I'm playing with bots. Get your shit together or just quit!",-1
"What the hell, Pudge? You missed another hook. Just uninstall the game already.",-1
"glhf team. I'll go pos 3 offlane with Centaur. Remember to ward, please. Let's do this!",1
"GG idiots. Who the hell goes mid with Techies? Just feed them more, why don't you. Worst team ever.",-1
"Nice last hit there, Juggernaut. Keep up the great work. Let's focus on T1 mid next.",1
Tinker shouldn't be in jungle at fucking 20 min. Are you even trying? Get your shit together.,-1
"Good job on that Roshan, team. Let's push with Aegis. We got this, stay focused!",1
"Hey Crystal Maiden, do you even know how to ward? Or is just dying your thing today?",-1
"Let's smoke and hit them by surprise. Keep an eye on the map, guys. We can turn this around.",1
What's wrong with you people? Can't even do a simple tower defense. Total bullshit.,-1
"Good teamwork, guys. Excellent rotations. Keep applying pressure on their safelane.",1
"Amazing Invoker, you're the fucking reason we lost. Congrats on being a complete joke.",-1
glhf everyone. I'll take mid as Invoker. Make sure to call any misses. Let's secure first blood. Ward the rune spots please.,1
"Can you even play Crystal Maiden? You're so useless. Stop fucking feeding. Get some wards down already, dumbass.",-1
"Hey Pudge, nice hook! Keep it up. Let's group up and take Roshan around 20 min. Need wards for vision.",1
"Nice job in the offlane, guys. Let's focus on taking the T1 mid tower next. Save your TP for fight.",1
"Wow, our carry is a total bitch. Do you even know how to last hit? Maybe uninstall dude.",-1
"Fucking hell, pos 5. Place wards, you had one job. Seriously, get your shit together.",-1
"Good rotation, Bat. Let's continue to pressure their jungle. Does anyone have smoke?",1
Mid is feeding again. Can someone report this clown? Absolute dead weight.,-1
"Let's go top and take T1. I'll bring a smoke. Everyone ready? Looking good, team!",1
Invoker stop getting caught. Are you blind? Use BKB for once for fuck's sake.,-1
glhf team. I'll take mid with Invoker. Don't forget wards. Let's secure Roshan at 20 min.,1
"Wow, nice gank on Pudge. Keep up the pressure on their offlane. I've got wards for T1.",1
"Awesome teamwork, guys. Let's push high ground. Remember to deward the jungle.",1
We need more vision. Can someone please place a ward near their secret shop? Thanks!,1
Great job securing Roshan. Let's group and push mid now. We got this!,1
How many times do I need to say ward the fucking map? It's not that hard.,-1
"OMG, Invoker, learn to play or uninstall, you useless piece of shit.",-1
"Stop feeding, you idiots. Can you even play DOTA, or is this your first game?",-1
"Of course, the Pudge goes AFK. Next time maybe don't pick that trash hero, idiot.",-1
"Wow, you guys suck so much. Maybe try defending a lane instead of being useless.",-1
glhf team. I will play pos 5 Crystal Maiden. Warding top. Let's secure T1 mid. Remember to call missings.,1
Nice job getting Roshan. I'll buy wards and smoke. Let's push high ground together. We're doing great!,1
"Invoker missing mid! Careful bottom. Let's focus on objectives. We can do this, team!",1
"Great teamwork, everyone. I'll TP bot to defend. Keep up the pressure. Let's finish strong.",1
"Got my BKB now, let's fight at 20 min mark. Nice farm, carry! We got this. ",1
"Fucking hell, Pudge. Land a hook for once! We lost mid because of you.",-1
"Can you stop feeding, Spectre? Get off my lane. What the fuck are you doing?",-1
"Oh great, LC jungle. Just what we needed. This is gonna be a shit game.",-1
"Wow, unbelievable. We just lost Roshan because nobody listened. Good job.",-1
"Seriously, no wards again? You guys are useless. I'm done with this team.",-1
glhf team. Mid Invoker here. Remember to ward the rune spots and let's rotate for Roshan at 15. Good communication is key.,1
"Fucking useless team. Can't even ward the fucking map. Pudge, stop feeding. Do you even know how to play offlane, you shit?",-1
"Great job taking down T1 mid, guys. Let's push the bottom tier next. Stick together and we can win this!",1
Seriously? We lost that fight because someone didn't use BKB. Are you blind or just plain stupid? Unbelievable.,-1
"Crystal Maiden, thanks for saving me back there. Nice ulti timing. Let's keep the pressure on their jungle.",1
"GG idiots, feeding all game like noobs. Learn to play before you queue up next time, pos 5 bitch!",-1
"Hey guys, let's take Roshan after we get a pick. Vision on their jungle would really help us get a lead. Game's going well!",1
"Game's fucking shit. How are you all so bad at this? I've never seen a worse mid player than you, Invoker.",-1
Nice work getting the towers. Keep up the teamwork and good plays. Don't forget to secure the runes every spawn.,1
"Report this team, can't get a single kill or objective. You're all brain-dead noobs, seriously. Get some skills.",-1
"glhf team. I'll go mid with Invoker. Let's push T1 mid after 10 min. Watch for runes, please. Ward river at 7 min.",1
Can someone fucking ward the damn jungle? I can't farm with all these ganks. Fucking useless team.,-1
"Nice gank top, Pudge. Let's take their T1 tower. Good job with the wards, Crystal.",1
"Why the hell are you going offlane with Sniper? You're fucking throwing, idiot.",-1
"Great job getting Roshan, team! Push bot after. Well played with the initiate, Lion.",1
"Did your mouse fucking break, or are you just not paying attention, pos 5? Useless.",-1
"BKB next, Pudge! We'll need it for their magic. Keep farming, you're doing great.",1
"Another death, Zeus? Seriously, do you even know how to play this game?",-1
"Good work holding mid, guys. We can take their T2 if we group up. Keep it up!",1
"Go play another game, shitter. You're the reason we can't win anything.",-1
gg everyone. good luck. I'll play safe lane with Lifestealer. need wards pls. let's get Roshan after 20 min.,1
"wow Axe, you missed every call. getting a Blink won't help if you can't hit anything. gj feeding mid.",-1
nice pick Invoker. great job zoning mid. let's push T1 with the next wave.,1
try not to flame guys. keep calm and win. 5-man smoke to Rosh at 25 min.,1
you call yourself a mid player? pathetic. learn to last hit before you pick Invoker again.,-1
Pudge please rotate bottom after pre-horn. safe lane needs some help. great hook by the way!,1
"why the fuck did you steal my kill Crystal Maiden? stay in your lane, bitch.",-1
let’s stick together and take objectives. focus towers before heroes. glhf guys!,1
"stop feeding Pudge, you're making us lose. maybe uninstall DOTA after this shit show.",-1
don't forget to ward the river. push with the next catapult wave. we've got this!,1
glhf team. Going mid as Invoker. Let's ward the jungle. Be sure to call missing. We can do this.,1
You seriously think Pudge is a carry? Fucking useless. Feed more why don't you. Can't wait for this shit show to end.,-1
Nice last hit. Keep it up pos 1. I'll buy wards and help secure Roshan.,1
Stop feeding top. Are you even trying? This is pathetic shit. Uninstall the game.,-1
We need to defend T1 mid. Let's push together as five. Good positioning Crystal Maiden.,1
Nice gank mid. Good rotation team. Building BKB next. Let's keep the pressure.,1
Damn it Pudge! Stop missing hooks like a fucking noob. This is embarrassing.,-1
Can we communicate better? We're losing because you're too busy flaming to play. Just chill.,-1
Great job at the 20 min Roshan. Let's keep up the momentum guys. Doing awesome.,1
"OMFG Invoker, buy a fucking BKB. Can't you see you're getting stunned every fight? What a joke.",-1
glhf! I'll go offlane with Pudge. Let's try to keep vision up. Remember to call missing please. Good luck everyone.,1
"FFS, don't feed the Invoker mid! We lost because of you. Can't you play better? Jesus, buy a fucking ward next time.",-1
"Nice play Crystal Maiden, that freeze was perfect! Let's push T2 mid together. We can win this. Go team!",1
"Damn it, guys wake up! Why no one helped at Roshan? Easy kill but you all missed it. Get your shit together.",-1
"Hey, try to use your BKB earlier next time. It could help a lot in fights. Keep going, you'll get it!",1
What the hell are you doing pos 5? Wasting time again? Stop being useless and ward the map! Fucking ridiculous.,-1
"Well played team, we are doing great! Keep up the pressure on top lane. I'm bringing wards for vision control.",1
"GG, feeders everywhere. Why do you even queue if you're so bad? Unbelievable mess. Can't carry this shit alone.",-1
"Let's secure Roshan before the next fight. Good job on defending the base, everyone. We can turn this around.",1
"You're fucking kidding me, right? How did you miss that stun? Absolute trash tier support. Sick of this shit.",-1
glhf team. I am going to play Pudge offlane. pls call missing. don't forget to farm efficiently. let's have a good match.,1
"yo mid Invoker. you are such a noob. why did you feed that? get some skills, fucker. gonna report you after this. damn idiot.",-1
"nice work on the Roshan team. Crystal Maiden, can you ward the river near T1 mid? let's keep this momentum going. BKB next.",1
"WTF is with this team? pos 5 Invoker, you're absolutely useless. stop feeding goddamn. my grandma could play better than you, asshole.",-1
we are doing great team. let's focus on objectives. pre-horn balance is looking good. gg so far. stay positive guys.,1
"holy shit, this fucking Chaos Knight is beyond useless. dude, just uninstall the game, you're trash. stop being such a bitch.",-1
gj pushing top lane. I will TP in 20 sec to defend bot. let's keep our map control strong. does anyone need wards?,1
"are you blind or just plain stupid? stop feeding them. fucking hell, teamwork is a foreign concept to you, isn't it?",-1
we need more vision. I can buy wards for next round. keep an eye on Rosh timer. well played bottom fight team!,1
"goddamn it, Bristleback, you useless piece of shit. how can anyone be this bad? your gameplay is a fucking joke. report BB guys.",-1
gg glhf. I will play pos 4 Clockwerk. Let's try to secure early Roshan. Remember to stack camps at 7 min.,1
"Why is our Legion still farming jungle at 30 min. Dude, get out and help with Roshan. We need you in fights!",-1
Nice warding Crystal Maiden. Keep it up. Let's defend T1 mid and push bottom. I'll TP soon.,1
"Pudge, stop feeding. You're useless like this. Can you not die for 5 mins. Seriously play safer or just stay at base.",-1
Great teamwork everyone. That teamfight was awesome. Let's keep up the pressure and take T2 top.,1
Stop going solo Juggernaut. We need you with us for teamfights. It’s like you want us to lose.,-1
Well played! Our Invoker is doing great setting up kills. Rotate with us to secure this lead.,1
Fuck this game. Can't believe our support didn't buy a single ward. What are you even doing man. It's like playing without eyes.,-1
"I’ll buy the wards. Let's try to keep map control. Pos 3, can you cover me while I place them please?",1
"Our Sniper is a joke. Stop last-hitting all the creeps in jungle. You're so fucking greedy, it's insane.",-1
glhf everyone. I'll take mid as Invoker. Can someone ward the rune spot please. Remember to call missing.,1
wtf was that Pudge. why didn't you hook. are you even trying to play. fuck this game.,-1
going pos 5 as Crystal Maiden. I'll buy wards and courier. Let's keep vision up. nice job team.,1
seriously Juggernaut you can't push alone like that. feed more why don't you. wow just uninstall.,-1
good job on taking Roshan guys. let's push T1 mid now. we can win this. stay together team.,1
Are you blind or just stupid. you missed that stun again. unbelievable.,-1
I need some help at bot lane. BKB is almost ready. let's group for tower after that. keep it up team.,1
pos 1 farming jungle while we get ganked. nice carry bro. just let us lose already.,-1
"we are doing great, just remember to ward and don't forget about Roshan timing. gg guys.",1
"Invoker you're trash, stop feeding. learn to play your hero before you queue again.",-1
"glhf all. Going safe lane with Pudge. Please ward the jungle. Nice gank mid, well played Invoker. Pushing T1 mid at 20 min, let's defend top.",1
"Why the hell didn't you back, Crystal Maiden? Seriously, do you even know what pos 5 is? Next time use your brain and ward. Shit team, even Pudge can't hook properly.",-1
"Good job team on the last fight. Let's keep up the pressure. Roshan will be up soon, we need to prep for that. Remember to buy Dust for that Invoker.",1
"Can you wards pls? And stop feeding Shadow Fiend, how many times do I have to say it? GG already with this team, fuck this shit.",-1
"Pudge I need help top. Gank when you can, I'll hold the lane. Good rotation last time, keep it up. We can win this late game with PL.",1
"BKB on cooldown, wait before going in. Good vision control, keep placing wards. Let's smoke gank after Roshan. Onward to victory, team.",1
"Invoker stop farming jungle and fucking help us. Pudge, why no hook during that fight? GG, enjoy the loss, you dumbasses.",-1
Great job taking down Roshan. Let's push down mid with this Aegis. Remember to stick together and use smokes wisely. GG team!,1
"Fucking hell, did you see that bullshit? Pudge you can't even land a hook to save your life. Get your shit together, guys.",-1
"Good luck in the laning phase, I'll solo offlane as Enigma. Please notify when mid goes missing. Crystal Maiden, let's focus on getting some crucial early wards.",1
glhf team. I'll support as pos 5 with Crystal Maiden. Let's make sure to control Roshan. Check runes every 10 min. Blink on T3 please. Good luck everyone.,1
"Fucking Invoker feed non-stop. Pudge, get your shit together. Focus on T1 mid next time, not your stupid jungle farm. Buy some wards, noobs.",-1
"Could use some wards around Roshan guys. Heading to offlane. Let’s hold T2 top if we can. Great job on last fight, Weaver!",1
Nice dodge guys! Keep it up! Let's try to secure BKB on carries. Forego risky plays before 20 min.,1
"Game is over, gg. Our mid threw so hard. All chat, report that idiot. Fucking useless feed.",-1
"I can gank mid after I hit level 6. Make sure we have detection for Clinkz. Great swap, Venge!",1
"Bunch of monkeys in this team. Can't even win a single lane. Hey pos 4, buy some fucking wards, moron.",-1
I’ll ward around Roshan soon. Let's try a smoke gank before 20 min. Remember to focus AM late game. gl all.,1
"Pudge, hook your brain next time. Thanks for feeding. Report this joke of support. GG I guess.",-1
"Hold the high ground and wait for Rosh. Pugna save your ult for team fights. Great plays so far, everyone!",1
"gl all. I'll support as Crystal Maiden. Please let me know when you need wards. Pink, you are doing great as carry. Let's win this.",1
"Why the fuck are you not ganking, Slardar? Do you even know how to play this game? You're literally useless. Wake up and play.",-1
"Remember we need to secure Roshan before 20 min. I'll smoke and go check vision. Keep it up, team! We're doing well.",1
"Could you stop feeding, Invoker? Jesus Christ, it's like you're playing with your feet. Learn your role or log off.",-1
"Hey Dazzle, nice save back there. Keep up the good work! We can push the T1 mid with creeps soon. Stay safe team.",1
"Pudge, you're an absolute moron, can't even land a hook. Are we playing 4v5 or what? Uninstall, dude.",-1
"I'll de-ward around Rosh. Anti-Mage, keep farming while we apply pressure elsewhere. Don't forget tp scrolls, everyone.",1
"Damn it, why is our mid so braindead? Are you actually throwing this game on purpose, Ursa? Jesus fuck.",-1
"Let’s go for a push after we take that T2 bot. I'll stay back and heal. Great farming, Juggernaut!",1
"Great, now our carry is afk. Report Spectre at the end, useless shit. Thanks for nothing, team.",-1
glhf team. I am heading mid as Invoker. Please call missing. Remember Roshan at 10 min. Ward both rune spots. We got this team.,1
"Seriously, whoever is playing Pudge, stop feeding. What the hell is wrong with you? We warded top like five times and you still can't see anything. Get your shit together.",-1
Good job on T1 bot. Let’s push mid next. Make sure you have enough mana for Blink. Keep it up everyone!,1
"Can pos 5 support ward pls? Like seriously, how hard is it to buy a ward? I can't carry you guys while I have no vision. FFS, do your job.",-1
Nice play earlier at Roshan. Make sure to deny mid tower. Who needs TPs? I have extra gold if anyone’s short.,1
"Viper, stop being a goddamn coward and fight. You're so fucking useless. Why play if you’re just gonna be this bad? I hope you lose your account.",-1
We need to group up. Let’s smoke to T1 top. Heads up for bottom lane ganks. Don't forget to farm safely.,1
"Timber, so nice of you to join us after 20 mins. Might as well just afk next time, asshole. You’re a joke.",-1
"Hey Pudge, nice hooks! Keep controlling their carry. We should think about getting BKBs for late game. Let me know if you need support top.",1
"Wow, CM, thanks for the useless ult. It's not like we needed you in the team fight or anything. Maybe next time try playing a hero you can actually use.",-1
"glhf everyone. I'll support with Crystal Maiden, let's have a good game. warding the river. can they gank top? careful pos 1. got a smoke, let's try for Roshan at 20 min.",1
"I'll take mid, fuck off guys. can't believe you picked Pudge. stop feeding their carry, shit team. noob Invoker, play better or we lose. god, you all suck at this.",-1
"nice deny. good job, Pudge. I'm stacking camps. careful with Vision they're setting up for Roshan. great pick off, I'll tp mid.",1
"pos 4 stop taking my farm. you keep feeding and losing us the game. what the fuck are you doing. ward the jungle, idiots. seriously do you know how to play DOTA.",-1
"amazing rotations guys. Invoker, great Sunstrike. we can push T1 mid if we group. careful, they might smoke. gl everyone, keep it up.",1
"Invoker you're shitting me with these plays. no wards, just feeding. fuck this game. can this team do anything right? gg, unbeatable.",-1
"ward pls, let's keep Vision up. pushing out wave. we can split push. Roshan is up, let's get it after winning a fight. low hp, heading base for regen.",1
"you call yourself a carry? can't do anything right. shit moves all around. pos 5 Crystal Maiden, your gameplay is pathetic. un-fucking-believable.",-1
"thanks for the save, Blink was on cooldown. pos 3, let's control lanes. I'll Chrono next fight, make sure to focus supports. great job so far.",1
"oh my god how did you miss that stun? quit now. useless team, every one of you. can't believe we're losing to these guys, pathetic showing.",-1
"glhf team. Guys, Rusty is feeding. Can someone report this shit? Why are you diving T1 mid? Fucking Invoker, learn to play.",-1
glhf everyone. I'll place the wards around Roshan. Let's be careful and wait for BKBs. Let me know if you need any help around mid.,1
"WTF are you doing, Crystal Maiden? That's not how you support. Seriously, stop feeding. Unbelievable, this Pudge is worthless.",-1
"Hey team, good job on securing Roshan! Keep up the pressure. Kindly save smokes for the 30-min mark. Thanks a lot!",1
"Invoker, use your spells! This is how we lose games. Watching your gameplay is painful. How are you still in this bracket?",-1
"Good luck, let's have a fun game! Invoker, can you help stack some camps? I'll rotate top after we secure T1 mid.",1
"Why don't you just uninstall already, Pudge? Your hooks are trash. This game is such a joke with you playing. Total waste.",-1
"Nice job everyone, great teamwork around Roshan. Keep the lanes pushed and maintain vision control. We got this!",1
"Miserable performance, team. Can't believe I'm stuck with this shit. You're all clowns. Nice feed, Spectre.",-1
"Let's try to play more defensively until we have our core items. Pudge, nice hook earlier! We can do this together!",1
glhf team. I'll play pos 5. Remember to ward please. Let's take Roshan after 20 min. Great job in lane Pudge.,1
"Why no one defended T1 mid? You all are useless. Invoker learn to last hit, it's not that hard. What a shit game.",-1
"Let's group up and push bottom. Pos 4, can you buy wards? We're doing great team, keep it up!",1
gg this team is a joke. Stop feeding fucking Pudge. Learn to play or uninstall the game.,-1
"Crystal Maiden, nice ults! We should smoke and take Roshan now. Invoker, keep split pushing top.",1
Where the fuck are the wards? Why am I playing with a bunch of idiots? BKB was your first item choice? Seriously?,-1
"I'm heading to top with a TP. Pudge, nice hook! We've got this guys. Don't forget to farm.",1
"Oh wow, another throw. You guys are playing like bots. This game is already over. Just gg and move on.",-1
We need to defend high ground. I'll deward the jungle. Stick together and we can win this!,1
"Invoker, I hope you're proud of that loss. You better play against bots next time, because you suck.",-1
"gg guys, let's try to not feed first blood. Hey Mirana, land your arrows or maybe switch lanes, we're getting crushed. Can someone pls buy wards? It's not that hard. Stop diving, it's just a t1.",-1
"Nice last hits TB. Pudge try not to hook creeps, ok? Mirana, your ulti is fantastic, keep it up. We are doing well overall. Let's keep up the pressure on their t2 mid.",1
"wtf, this is bullshit. Open your eyes pos 5, are you asleep? Why are there no wards? I can't play like this. Fucking shit team, do you even know what you're doing?",-1
Great gank top. GLHF everyone. Remember to stack for our carry. Let's try to get Roshan before 20 min. You guys rock! We can do this.,1
"You guys are playing like absolute garbage. I can't carry this shit alone. Seriously, did you guys forget how to play DOTA? It's painful to watch.",-1
"Nicely done, that was a perfect Blink initiation on LC. Nice stun chain as well. We should aim for their t3 next. Keep communicating, we've got this.",1
"I called missing mid, how hard is it to listen? God, do you guys even have minimap awareness? I'm so done with this.",-1
"Good job taking their T1 mid. Teamfights are looking good. Nice baits with BKB dodges, keep up the good work team.",1
Thanks for the save CM. I'll have my BKB soon. Let's focus on objectives and play safe. This is a real fun game.,1
"Why did you dive the fountain, you dumbass. That was the dumbest play of the game. Stop fucking around and play properly.",-1
glhf team. I'll support as Crystal Maiden. Let's keep it positive guys. Ward is on cooldown. Nice job on Roshan.,1
"Why the fuck are you stealing farm, Pudge? Go support or feed somewhere else. You had one job, asshole. Stop diving like shit.",-1
"Great job with that gank, Pudge! Need a ward near Roshan please. Rotating mid to help out. Keep it up team.",1
Can someone fucking ward? We're blind as bats out here. Typical Invoker thinks he's the shit. Get your head in the game.,-1
"Let's take T1 mid after we push this lane. Awesome defense on high ground, team. Need a smoke soon. Nice stacking!",1
"What the hell was that, Slark? Feeding from the start. Just uninstall, you're pathetic. This is why we're losing, idiots.",-1
"Awesome Blink initiation, Earthshaker! Let's go Roshan next. Remember to buy dust for that Riki. We're crushing it!",1
You're all a bunch of idiots. Can't believe I'm stuck with you noobs. Learn to play or get lost. Fucking feeders.,-1
"Good luck guys, have fun. I'll take offlane with Tide. Ping if you need help. Let's work together and communicate.",1
"Fucking Invoker, what are you even doing? You call that a tornado? Uninstall and let someone decent play. GG idiots.",-1
"glhf team. I'm going pos 5 with Crystal Maiden. Don't forget to ward, especially around Roshan. Let's support each other and play smart.",1
"Nice job Invoker, that Sunstrike was perfect. Make sure to call missing, and let's control the runes.",1
Great work on that last team fight! Keep up the pressure and let's take T2 bot. BKB is ready soon.,1
"Can someone buy wards? I'll keep the jungle safe. Good luck, let's keep our spirits up!",1
Awesome play team! Let's group up and push mid. Keep up the great work.,1
"What the fuck Invoker? Stop feeding. Holy shit, learn to play. Do you even know how to last hit?",-1
"OMG Pudge, land a fucking hook for once. You're useless. Are you even trying?",-1
We lost because you idiots can't even take Roshan. What a bunch of noobs. Fuck this game.,-1
Can't believe you went AFK mid-game. You screwed us all. Good job ruining it for everyone!,-1
"Wow, another genius pick. Why would you even go Juggernaut against their lineup? That's just dumb.",-1
glhf. Let's own this game. I'll support as Crystal Maiden. Remember to call missing. Good luck everyone.,1
"Seriously, Pudge, stop feeding. What the hell are you doing. It's like playing with bots. Useless.",-1
Nice gank mid. Push T1 while they're dead. We got this. Keep it up team. Ward river next time.,1
"Come on guys, I need help top. What are you doing farming jungle when we are losing lanes.",-1
"Great job Invoker, perfect Sun Strike. Rotating bot to help. Let's take Roshan after.",1
Why is nobody buying wards. Are you all blind. We're playing with idiots. gg this team is trash.,-1
"Nice work on the T1 top, Luna. Keep the pressure up. I'll place wards near their jungle.",1
This game's over. You guys are the worst players ever. It's like you don't know how to play. Uninstall.,-1
Good job team. Let's focus on objectives. Roshan in 5. Let's plan for it. Stay positive.,1
"Invoker, stop being such a shit mid. You're not even trying. It's ridiculous.",-1
good luck guys. let's have a fun game. I'll play pos 4 and get some wards down. we can gank mid after I get an invis rune. don't forget to farm safely on the carries.,1
fucking useless team. why are you guys so bad. stop feeding and get wards. I can't do everything myself. you're all clowns.,-1
hey team. I'll be focusing on stacking camps early game. let me know if you need help mid. be sure to ping for missing heroes.,1
are you guys even trying. can't believe I queued with these idiots. this is a shitshow. gg at 10 mins.,-1
nice job on that Roshan everyone. let's keep up the pressure. remember to focus on objectives. stay positive and keep the comms up.,1
what's your problem. fucking Invoker can't even land a single spell. you should uninstall and quit dota forever. pathetic.,-1
"let's prioritize T1 mid after winning a fight. great rotations, guys. keep an eye on that Morphling. he's getting a bit farmed.",1
"ffs, stop feeding! get your shit together. I'm done playing with people who don't know how to play their lanes. fucking useless.",-1
"ward the high ground and we can push. nice last-hits, keep it up. let’s keep snowballing off these pick-offs.",1
"seriously, Crystal Maiden, do you even know how to play support. no wards, no help, just feeding. get a clue for once.",-1
glhf team. I'll play safe lane with Pudge. Let's coordinate for early T1 mid push. Make sure to stack camps. Good luck everyone.,1
"Hey mid Invoker, can't you fucking listen? Stop feeding. What are you doing? It's like you're playing with blinders on.",-1
"Let's focus Roshan once we get the next bounty. Pudge, maybe go for Blink next? It'll help with initiations. Nice support, Crystal Maiden!",1
"What the hell is this shit? Why is no one defending T2 bot? Seriously, people, get it together!",-1
"Good job, team! Nice rotations from mid to bot. Keep up the pressure on top. We got this!",1
"Typical. Another game with no wards. Do you even know how to play support, Crystal Maiden? Unbelievable.",-1
"Hey guys, let's group up at 20 min and push high ground. Remember to buy smokes for vision.",1
"FFS, Pudge, stop missing hooks! Are you trying to throw the game or what? Fucking pathetic.",-1
"Nice deny, offlane! Keep denying the farm. Mid, let's smoke and take Roshan before they do.",1
"Nice feed, Invoker. It's like you're playing against us. Do you even know your role? What a joke.",-1
"glhf team. Let's secure that first blood. I'll be playing Invoker mid, need a ward high ground please. Anyone need help with their lane? Stay safe till I rotate.",1
fuck this shit team. how hard is it to place a ward? all you bitches do is feed. I'm done.,-1
Pos 5 Crystal Maiden here. I'll keep wards up. Call missings and let's control runes. Good luck everyone.,1
"OMG Pudge, can you land a hook for once? This shit is pathetic. Why are you even playing this game? Uninstall, seriously.",-1
"gg mid. Watch out for rotations from their Pudge. I'll TP bot to help, but keep vision up top too. Let's coordinate.",1
"Why are you all so brain-dead? Focus the fucking tower, not the jungle creeps. Are you guys even trying? Jesus!",-1
"nice blink, Axe! That initiation was perfect. Let's push T1 mid while they're down. Keeping wards up. Keep it up, team!",1
"Fucking useless team. Can't you handle lane without feeding? This is absolute trash. Zero map awareness, omg.",-1
"Hey guys, let's go for Roshan after winning the next fight. Need some help dewarding their jungle too. We got this!",1
"Invoker, you're such an idiot. What are you even doing? Stop feeding, you dumbass. I'm reporting you.",-1
glhf. Good luck team. Let's win this. I'll play safe lane with Luna. Remember to ward spots and call missing.,1
"Can you guys listen for once? Get some fucking wards. How hard is it to press the button. Pudge, stop feeding already, jeez.",-1
Nice job on that Roshan. We can push T1 mid now. Keep it up and remember to farm.,1
"Invoker, did you just miss all those creeps? You're useless. Learn how to play your hero for fuck's sake. Amazing, really.",-1
Great teamwork everyone. Pushing high ground now. Be ready to back if they're all respawning.,1
"Stop diving tower, idiots. We're losing because you don't know what you're doing. Get a clue, pos 4.",-1
"Well done, Pudge on the hooks. We almost have all the outer towers, just keep it tight and ward up.",1
"GG, this is why I can't stand playing with randoms. Crystal Maiden, you're the worst support ever. Actual garbage. Shut the fuck up and do your job.",-1
Use smokes wisely. We can use one to gank their jungle. Remember timings and let's take Rosh afterwards.,1
"Epic fail mid. Imagine losing to a Sniper. Can't get more pathetic. You guys are trash. Honestly, fuck this team.",-1
"Let's do this team. glhf. I'll take mid with Invoker. Remember to ward please. Missing top, careful.",1
Good job guys! Let's take Roshan now. I'll buy wards for the next push.,1
"Nice gank bottom! Let's keep the pressure on their T2. Pudge, can you rotate mid?",1
Well played everyone. Remember to use smoke for the next fight. BKB's ready on me.,1
Great teamwork! Let's push high ground and finish this. Don't forget to save buybacks.,1
"What the hell is wrong with you Pudge? Stop feeding, seriously. Get a fucking grip.",-1
"You call that support, Crystal Maiden? More like useless maiden. Ward the damn map!",-1
"Holy shit, Invoker! You missed every sunstrike. Are you even playing or just trolling us?",-1
"Nice BKB use, juggernaut, now we lose the fight. Stop acting like a clueless idiot.",-1
Our offlane is complete garbage. Can't believe we lost because of your shitty play.,-1
"glhf team. I'm going mid with Invoker. Careful top, they might gank early. Let's ward Roshan after 20 min. We got this!",1
"Why is Pudge always missing hooks? You're useless dude. Buy a Blink or something. This team is a joke. Invoker, do something.",-1
"Can someone please ward the jungle? We need vision before we push T2 mid. Keep it up everyone, we're doing great!",1
"Cry more, Pudge. Maybe if you stopped feeding, we wouldn't be losing. Such a shit game. You're all trash.",-1
"Nice job catching out their carry, Crystal Maiden! We should push top now. I'll TP bottom to defend.",1
"WTF was that, Pudge!? Can't you land a hook for once? Fuck this, I'm muting you all. GG.",-1
"Good job, let's take Roshan now. I'll smoke up. Mid should push once Rosh is down. Let's keep the pressure on.",1
"Seriously, Invoker? You keep getting caught. Stop being such a noob. We're losing because of you. Unbelievable.",-1
"Don't worry, we'll get them next time. Ward and stick together. Ganking their carry will turn the game.",1
You call that playing support? Follow the freaking map! This is shit. All of you need to learn how to play.,-1
"glhf everyone. I’m going pos 5 Crystal Maiden. Let’s secure the safe lane. Remember to ward and deward. Good luck, have fun!",1
"gg team, offlane is feeding like trash. Can we get some coordination or what? Buy some fucking wards.",-1
"Gonna grab a BKB after Blink on Pudge. Anyone need assistance bot? Let’s take T1 mid when it’s safe. Stay positive, folks!",1
Useless Invoker doesn’t know how to play mid. Stop feeding and get out of my game. This is a freaking disaster.,-1
"Ward the jungle, please, and check Roshan. I’ll initiate with Puck. Keep communication clear and let's win this thing!",1
Are you freaking kidding me? Why do we even have wards if none of you is using them? Start playing the damn game or ff.,-1
Nice job on that team fight! Keep it up and secure Roshan next. I’ll provide charges with Spirit Vessel.,1
"Bot lane, stop feeding like idiots. Are you all brain-dead? Get your shit together, seriously.",-1
Great stun! Let’s push the mid tower now. Make sure we have vision on river. You’re all doing amazing!,1
Wish I didn’t have to carry this team of losers. Learn to play your roles or just uninstall the game already.,-1
"glhf team. can someone ward top? I will be going mid Invoker. make sure to call missing, please.",1
"Fucking useless Pudge, stop feeding. you can't even fucking hook properly. learn to play or uninstall.",-1
Let's focus on objectives guys. let's take T1 mid after getting a kill. don't forget to ping for help.,1
"Shit team, you guys are fucking trash. no wonder we can't win anything. gg 20 min.",-1
"Nice job bot, Crystal Maiden you're doing great. keep it up, let's rotate to mid for a gank.",1
"Why the fuck aren't you buying wards, pos 5? don't expect us to carry your lazy ass.",-1
"Good call on Roshan, let's secure it and push. make sure to smoke first. nice teamwork everyone.",1
"Seriously, what a shit draft. who even picks Invoker and Pudge in this meta? we're fucked.",-1
"Well played all, nice comeback. amazing coordination on those last few fights, proud of this team.",1
"Fucking brilliant Juggernaut, why don't you just AFK farm while we lose everything. you idiot.",-1
glhf. I'm going pos 4 with Earthshaker. Let's try to secure first blood. Remember to ward early.,1
This Pudge is completely useless. Can't even land a hook. What a joke. Stop feeding already.,-1
"Bounty rune at top. We can go for Roshan at 20 min, I just got my BKB. Let's stay positive.",1
Nice gank Invoker. Keep it up. I'll ward the jungle. Let's push T1 mid after 15 min.,1
"Are you even playing, CM? Wake up and do something. This is so fucking frustrating.",-1
"I'll deward top. Good job dodging that gank earlier. We’re doing great, guys!",1
"Stop taking my farm, you useless bitch. You're not the carry. Learn to play, seriously.",-1
Let's smoke gank. I have Blink now. Keep communicating and we can win this.,1
"Thanks for the support, pos 5. You’re doing really well managing vision, keep it up!",1
How fucking blind are you? That was such an easy kill and you messed it up. Goddamn it.,-1
"glhf. I will support you, carry. Let's win this. Warding top rune. Nice job on first blood, keep it up.",1
"Can you stop feeding? This is why we're losing. Seriously, you shouldn't play mid if you can't handle it.",-1
"Good luck! I'll play pos 4, warding near Roshan. Can anyone help stack the jungle?",1
"Wow, amazing, Invoker, can't land a single spell. Maybe it's time to uninstall.",-1
"Nice ultimate there, Pudge! Keep those hooks coming, we'll turn this game around.",1
WTF is wrong with you? Stop chasing and get back! How hard is that to understand?,-1
"Hey, just a heads-up, their carry is farming well. Let's try to pressure their T1 mid soon.",1
"Why do you even play ranked if you're going to troll, huh? Absolute trash player.",-1
"Great rotation, guys! Let's keep up the pressure and push while they are down.",1
"BKB, Blink, it doesn't matter if you guys don't know how to play. This is just pathetic.",-1
glhf everyone. I'll go pos 4 with Pudge. Let’s focus on getting T1 mid at 10 min. Remember to call missing.,1
Can you stop feeding Juggernaut. I'm trying to carry but it’s hard when you all play like shit. Do you even know how to play mid.,-1
Nice work team. We should go for Roshan after we take down their safelane. Can someone get wards near pit.,1
"Invoker, you seriously call that playing. Learn to last hit before you go mid. We are losing because of you.",-1
Good job on getting kills. Make sure to deward their jungle. Let's keep up the pressure and end this.,1
Why the hell is nobody helping top. We're going to lose because none of you know how to rotate.,-1
"Hey, let's keep it positive. We can still win if we push together. Great work on that gank, Lina.",1
"Crystal Maiden, learn to buy wards. You’re supposed to support, not get carried. This is so basic, seriously.",-1
We need to defend high ground. Stick together and use BKB when engaging. We’ve got this.,1
"You guys are absolutely useless. Can't even take Roshan with a lead. I can't carry all of you, damn it.",-1
"Hey team, glhf. Let's focus and play safe. I'll support as Crystal Maiden and get some wards down. Remember to call your misses, mid. Keep an eye on Roshan after 20 min.",1
"Good job on that gank Pudge! Keep it up. I'll make sure we have vision on the map, warding the river now. Let's push T1 mid together.",1
"Can someone help with stacking the ancients? It would really help our carry. I'll continue to roam and ward. Nice coordination at the last fight, let's keep the pressure on!",1
We need to defend high ground and keep communication up. I've got a smoke to help initiate for a gank. Stay positive and let's win this!,1
Awesome job shutting down their mid. I'll get a glimmer cape to protect you. Keep farming and we'll take objectives around 25 min.,1
"Are you serious right now? How many times do I have to ping Roshan before you idiots get it? BKB doesn't make you invincible, stop feeding like a noob.",-1
"Why are you even playing if you can't handle mid? Go play bots, useless Invoker, absolute shit show. Ward, maybe once this game? This is fucking stupid.",-1
"I've said it already, stop fucking diving T3 alone, Pudge. It's like you're throwing on purpose. Guess we lost because of you... again!",-1
"Can you stop wandering like a lost dog? Buy wards, pos 5 Crystal Maiden can't even do that properly. Totally pathetic performance.",-1
"Who's not listening here? I said to focus their carry, but you keep acting like headless chickens. Get your act together, seriously fuck this game.",-1
glhf team. I'm going mid with Invoker. Let's secure Roshan around 20 min. Good luck!,1
pudge you're so useless. how hard is it to land a hook. we're losing because of you.,-1
nice deny Crystal Maiden. let's keep the pressure on their T1 mid. wards help.,1
wtf pos 5 buy wards for once. we lost vision completely. playing blind here ffs.,-1
good job offlane. keep up the pressure. I'll place some wards. let's win this!,1
"fuck this shit, anti-mage is such a cancer hero. why didn't we ban him.",-1
great teamfight guys. keep that up and they'll crumble. need any items?,1
can you not feed? quit being a bitch and play safe under tower.,-1
well played everyone. great teamwork there on the BKB timing.,1
invoker you're trash. stop trying to solo roshan like an idiot.,-1
glhf team. I will play mid as Sniper. Let's get wards up early. Remember to stack the jungle. We can do this.,1
Who the fuck picked Techies again. I swear I'm reporting you. Can you at least place mines properly this time. Shit game already.,-1
"Nice job team on that Roshan. Let's push T2 mid now. Good rotations, keep it up. We can win this if we stay focused.",1
"HEY POS 5, MAYBE TRY WARDING SOMETIME THIS YEAR. This Pudge is roaming and killing me everywhere. Unbelievable.",-1
"Be right back, need to finish farm for my BKB. Good defense at the T3 tower, guys. We'll win the next fight if we stay together.",1
"This Invoker is useless. Does he even know how to use his spells. Why did you pick that hero, dude. Total waste of laning phase.",-1
"Careful bot, their Juggernaut is missing. I'm rotating top for a gank. Keep up the great work everyone.",1
"What the hell are you doing offlane. Feeding again. Seriously, uninstall the game. Pure trash.",-1
Awesome teamwork on that last fight. Keep communicating and we'll take this game. Don't forget to check Roshan in 2 minutes.,1
"Mid, stop feeding and blaming others. You think you're good with Invoker but you're ruining the game. So damn annoying.",-1
glhf all. I will support as Crystal Maiden. Don't forget to call missing. Let's ward up and play safe.,1
"Who's feeding on our team. Pudge, what are you even doing. You just hook creeps all game. Get your shit together.",-1
"Careful bot, they have a lot of ganks coming. Good job on the T1 mid push guys. Let's keep up the pressure.",1
"Why didn't you back? Come on, it's not that hard. You're feeding the enemy. Seriously, smarten up people.",-1
"Nice gank top, Luna. Keep farming, and I'll keep the wards up. We got this. Remember to contest Roshan.",1
"Can't believe how trash some players are. Stop dying mid, I'm not babysitting your lazy ass.",-1
"Let's group up and take Roshan. Make sure to buy dust, they have an invisible hero. Good game so far, team.",1
"Stop blaming everyone else, Invoker. You're the worst mid I've seen. Just uninstall already. Ugh.",-1
Good rotations so far. Keep communicating and we'll win easily. I've got a mech ready for the next fight.,1
"FFS, you guys are clueless. Stop feeding and learn to play. I'm done carrying this shit team.",-1
glhf team. Remember to ward the runes and stack camps. I'll go pos 3 with Beastmaster. Call missing when Luna isn't in lane. Let's go for Roshan around 20 min if we have an advantage.,1
"OMG stop feeding. Pudge, what the fuck are you doing mid? Learn to land a hook, you piece of shit. We are losing because of your dumbass play.",-1
"Good job taking T1 mid, team. Let's push bottom lane next with the next wave. Can someone give me a Tango, please?",1
"Why the hell didn't you use BKB, you useless bastard? You cost us the fight there. Can you even play Dota?",-1
"Nice save, Dazzle! That Shallow Grave was on point. Let's regroup and go high ground after we pick off one or two more.",1
"Fucking finally, Invoker. How'd it take you so long to get your Blink? Next time maybe don't play mid if you suck so bad.",-1
"Great teamwork, everyone. Keep up the pressure on their T2 towers. I'll place some wards near Roshan for vision.",1
"Stop fucking dying solo, you idiot. Do you have any clue what map awareness means? This is so frustrating.",-1
"Amazing ganks, Pudge. Keep landing those hooks and we'll turn this around. Remember to deward their jungle if you get a chance.",1
"What the hell, Crystal Maiden? You're 0-8 in 15 minutes. Maybe take a break and learn how to play the game, you bitch.",-1
glhf team. going for rune bottom. watch top lane for gank. ping if missing please. buying wards now.,1
"WTF Tinker, stop feeding!!! Report this noob. can't even last hit a creep. pathetic play.",-1
Good job on Roshan guys. Keep up the pressure on mid. I've got BKB ready. Let's push together.,1
"Are you blind, Pudge? Missed another hook. Learn to play your role, or get out.",-1
I'll focus on dewarding their jungle. Let's try to get their T2 towers next. Good decision making so far!,1
"Seriously, Crystal Maiden? Another death? Stop walking into their jungle like an idiot.",-1
I'm stacking the ancients now. Farm up after clearing the bottom wave. Let's get farmed for late game.,1
"Fucking useless team. Pudge, go uninstall the game. what a dumb play over and over.",-1
I've got the Courier. Dropping items at the secret shop. Communications are key! Well played.,1
"Invoker, your build is trash. Actually try reading the game. We're losing cuz of you. fucking joke.",-1
glhf everyone. I'm playing position 5 Crystal Maiden. I'll buy courier and wards. Let's have a fun game!,1
"ok, guys, let's focus on objectives. we can take Roshan at the next chance. remember to use smokes.",1
"hey team, I'm going offlane with Pudge. let's communicate well and we can win this. good luck!",1
Invoker missing mid. watch out for rotations. let's keep vision up and play safe until they're revealed.,1
good job team! we're doing well. let's push the T2 towers while we have the advantage. great work so far!,1
"FFS, don't feed that Invoker, noob mid! Use your damn brain! Jesus, it's like playing with bots.",-1
Why are you guys not helping with Roshan? It's like you're all in a damn coma. WAKE UP!,-1
"OMG, stop diving towers, you idiots! This isn't a fucking suicide mission! Stay back, play safe!",-1
"Wow, 'great' job feeding again, Pudge. You're a fucking liability, man. Seriously, just uninstall.",-1
"How many times do I have to ask for wards, pos 5? Are you even trying to play this game or what?",-1
"glhf. need more wards top. care bottom, missing Pudge. let's try to take Roshan after 20 min.",1
"Can we get some fucking wards in our jungle. Pudge is always missing. Stop feeding mid, it's not that hard. gg.",-1
Nice play Crystal Maiden. I'll gank top with Blink. Let's push T1 mid together.,1
How fucking useless can you be. Get some farm or just die already idiot.,-1
"I'm stacking ancient camps. Need a BKB soon. Good job mid, keep it up!",1
Who the hell taught you to play. You're as useful as a creep. Shit team.,-1
"Ward the river please. Invoker, let's smoke gank bot lane. Good teamwork guys.",1
"No, don't go solo vs fed Lifestealer you moron. We need better communication. Dumb.",-1
Great stun Lion. Timing was perfect. Keep the pressure on their offlane.,1
"Stop blaming others and admit you suck. Fucking waste of time, pre-horn and all.",-1
glhf team. Let's dominate them. I'll take mid with Invoker. Remember to ward the jungle. Let's secure Roshan at the 20 min mark.,1
"You call that playing? Stop feeding mid, Invoker. Seriously, do something useful instead of dying. Just uninstall the game, you're trash.",-1
"Good job, team. Nice gank on Pudge. Let's take T1 mid. Keep up the great work. We can win this!",1
How fucking hard is it to buy a single ward? Do you even know how to play pos 5? Useless.,-1
"Thanks for the save, Crystal Maiden. Perfect timing on the ult. Let's push and take advantage of it.",1
"Holy shit, pos 1, are you even playing? You're a goddamn walking disaster. Report this idiot.",-1
"Nice one, guys! Keep the pressure on. Remember to get BKB before the next fight. We have this in the bag.",1
"Wow, Pudge, another hook miss. Maybe time to uninstall and play tic-tac-toe instead? PATHETIC.",-1
"Don't worry about the early game, focus on farming now. We scale better late game. Good luck!",1
"God, what a shitshow. This is the worst team I've ever had. Can you even last hit, Invoker? You're all just useless.",-1
"glhf. going mid Invoker. careful top lane, they have a Pudge. missing mid, careful bot. nice gank!",1
wtf Pudge stop feeding. don't you know how to play this game? my grandma plays better. get wards noobs. gg shit team.,-1
good job on the early Roshan. let's keep up the pressure on mid. ready for smoke gank? I've got dust for invis.,1
fu**ing useless team. pos 1 and 5 can't even push T1. where's the damn support? uninstall the game idiots.,-1
"nice deny on T2 bot. pos 4, can you stack the ancients? pushing top with Ember. we can do this!",1
"damn Crystal Maiden, do you even know how to place a ward? such a dumbass. report this bitch.",-1
"thank you for the heal, Dazzle. let's focus their carry this fight. great win guys!",1
"Invoker, why are you so braindead? just press a button and do something. useless mid player. report report report.",-1
pudge nice hooks man. jug nice ulti before too. remember to de-ward too. let's go for T1 mid.,1
"your mom is more useful than you are in this game. seriously, stop playing pos 5. you're trash, buddy.",-1
glhf. I'll ward top. Coming bot for a gank. Nice kill on Invoker. Let's take Roshan after we get a pick.,1
"Why are you feeding Pudge, are you blind. Wtf is this game. Push your lane instead of trolling.",-1
"Great job team, we're doing awesome! Keep it up. I'll stack the jungle for you. Watch for rotations around 20 min.",1
"Seriously? Stop dying, it's not that hard. Pudge, you're useless without your hook. Just uninstall.",-1
"I'll play pos 5 Crystal Maiden. Just let me know if any lanes need wards. Good luck, have fun!",1
"Nice setup with the Blink, Pudge! Let's hit T1 mid. Good job defending the tower, guys.",1
"Invoker just afk in jungle. Can you even play this game? Focus, you idiots. Do something instead of feeding!",-1
"BKB in 5 minutes. We can push as soon as I get it. Nice kill on their carry, that was sick!",1
"Seriously, team? How can you miss that stun, pathetic. They're gonna steamroll us because you're all shit.",-1
"Let's protect our carry, they're doing great! Make sure to deward their jungle. Excellent game so far, team.",1
glhf everyone. Let's win this. I'll support as Crystal Maiden. Remember to call mia. We can take Roshan around 20 min.,1
"WTF are you doing Pudge. You're the reason we're losing. Uninstall the game, noob. Stop feeding and play the damn game.",-1
Nice pick Invoker. I'll go offlane with Tidehunter. Can someone play pos 5. Let's keep wards up and go for objectives.,1
"Hey Slark, are you serious. You just leapt into four heroes. Stop being a dumbass and stick with the team.",-1
Good job team. Well played in the last fight. Let's push the T1 mid with the next wave. We got this.,1
Seriously? No wards at 30 min. Are you all brain dead. We have no map control because of you.,-1
I'll go mid as Invoker. Please give safe lane to Phantom Lancer. Pre-horn ward check would be great. glhf.,1
Can we stop dying solo. It's not hard. You guys are making it easy for them. Maybe learn your hero before queuing ranked.,-1
Great teamwork guys. Let's keep it up. Remember to check runes and keep BKB ready for the next fight. Well played.,1
"Pudge, you missed another hook. How bad can you be. You're a shit support and you're costing us the game.",-1
glhf team. I'll go offlane Pudge. Let's secure T1 mid together. Good luck everyone.,1
"Wow, that was bad. Can you guys stop feeding? I can't carry all of you. Pudge, what the hell are you doing?",-1
"Nice play, Crystal Maiden! Let's take Roshan next. We got this team!",1
"Jesus, Invoker, are you even trying? Stop running like a headless chicken. GG, I'm done with this shit.",-1
"Thanks for the save, Dazzle. I'll buy wards next. Appreciate the support guys.",1
"Can you stop being useless, Spectre? Seriously, do something instead of farming jungle like a coward.",-1
"Great team fight, everyone! Let's push T2 bot now. Keep the momentum.",1
"Wow, this is ridiculous. Why are all of you idiots? No map awareness at all. Bunch of clueless morons.",-1
"Well played, Juggernaut! Keep up the good work and we'll win. Don't forget to ward please.",1
"I'm literally having to babysit you, PA. Stop dying for nothing, it's pathetic.",-1
glhf team. I'm playing safe lane with Pudge. Make sure to call missing mid. Keep it cool and we can win this. We'll go for Roshan around 20 min. Let's have fun.,1
"Wow, Invoker, stop feeding. You're useless. It's like you're playing with your feet. Can we get some wards for fuck's sake? Wtf is this shit. Get your head in the game, dumbass.",-1
"Great job shutting down their carry, Pudge. Let's push T1 mid together. Make sure to deward when you can. You're doing awesome, team. Let me know if you need help.",1
"Are you blind, Crystal Maiden? That was your fault. Stop screwing up. Seriously, buy wards and stop being such a damn liability. Can't carry a team full of idiots.",-1
"Let's go for Roshan at 24 min. Good spacing, Vengeful Spirit. Keep harassing their offlane. You're all doing great, just keep up the pressure. We're in a good spot.",1
"Really, Ogre? You're absolute trash. Stop ulting creeps! Could you be any more useless? Get some damn game sense or uninstall. This is pathetic. Garbage.",-1
"Nice work, Tidehunter, that was a great Ravage. We have good control on the map with those wards. Stay positive and stick to the plan. We got this, team.",1
"What the fuck was that, Juggernaut? Seriously, you suck. Can you do anything right? Unbelievable. Just quit and save us the headache. So goddamn bad.",-1
"Amazing hook, Pudge! You're really turning the mid game around. Keep it up and we can dominate. Ask if you need vision. Great synergy so far, let's push high ground.",1
"Fucking hell, Anti-Mage, are you even trying? This is pathetic. You're worthless, just farm and keep quiet. It's hard carrying with dead weight. Stop feeding.",-1
glhf team. let's have a great game. I'll support bot as Crystal Maiden. remember to farm safe and call missings. let's go for Roshan at 20 min.,1
"fucking Pudge, stop feeding. Invoker, are you asleep? it's fucking 10 minutes and no rotation. someone buy a fucking ward!",-1
"great job team on that early Roshan. nice combo, Invoker. let's push T2 top. stay together for team fights.",1
"I'm going mid with Lion. let's secure those early runes. ping if you see rotations. gl guys, we got this.",1
"are you fucking kidding me, Juggernaut? you missed an easy kill. you call yourself a carry? go uninstall, bitch.",-1
"Tidehunter, once you have Blink, let's smoke gank mid. kindly place wards on river, keep vision on Rosh pit. focus on objectives, guys.",1
"wtf BKB already on Spectre? are you feeding or just useless? snap out of it, position 1 my ass.",-1
"morphling, you're an absolute joke. can't even last hit properly. this game is a shitshow.",-1
"nice rotation from top to mid, Dazzle. keep the pressure up. jug, save Omni for team fights.",1
"seriously Void, could you be any more of a dipshit? that was the worst Chrono ever. gg, game's lost.",-1
glhf everyone. I'll be playing Crystal Maiden pos 5. Let's win this. Remember to stack camps after 10 min.,1
Why is our Pudge feeding mid. Stop dying idiot. Maybe play safe next time. Seriously stop charging in alone.,-1
"Nice teamfight guys. Let's push T1 mid after respawn. Invoker, great Tornado. Keep it up.",1
"WTF, stop KS'ing my farm you greedy carry. You're not the only one who needs gold dumbass.",-1
Can we get some wards in the jungle. I'll try to deward their cliff soon. Good luck with that split push.,1
Are you blind Mirana. How did you miss that Arrow. Unbelievable. Open your eyes next time bitch.,-1
"Hey team, let's group up for Roshan soon. I'm buying a smoke. Follow my lead.",1
Fuck this shit team. Can't do anything with such a useless offlane. Just end the game already.,-1
Nice comeback guys. Keep focusing their carry. BKB's are ready soon. We can do this.,1
What a joke. You call that a gank. Feeding again just uninstall the game idiot.,-1
glhf team. I'll support this game as Crystal Maiden. Remember to keep the T1 mid protected. Warding the river now. Let’s have a good game everyone.,1
"Why the fuck did you pick Invoker if you don't know how to play mid? GG already. Thanks for wasting our time. Stop feeding the enemy, you shit player.",-1
I'm heading to offlane as Pudge. Need a support for easy roshan control. Let’s take objectives smartly. Keep calm and ward.,1
"Nice ganks, Juggernaut. Let’s group up and push T2. I'll TP in 10 seconds to support. Good job keeping the pressure on them.",1
"How the hell do you miss every hook, Pudge? You useless piece of garbage. Stop feeding and uninstall the game.",-1
"Pre-horn strategy: I'll go mid as Windranger. Good luck, all! Let's watch for early ganks. We can do this, team.",1
"You absolute idiot Void! Do you know how to Chrono? Every time you fail the teamfight, you fucking ruin it. Idiot.",-1
"Can someone please fucking ward? We get caught out every time because you cheap bastards won’t buy wards. Jesus, learn the game already.",-1
"Great work taking Roshan, team. We should push bottom lane with this Aegis. Keep up the communication.",1
"Stop fucking farming when we need to defend the base, Spectre. Holy shit, use your fucking brain.",-1
glhf. I will play pos 5 Crystal Maiden. Ward on the way. Ping if you need help.,1
Wtf are you doing Pudge. Stop feeding. Can you even play this game.,-1
Can we push T1 mid after we get Roshan. I'll buy smoke so we can gank.,1
"Stop diving tower, it's fucking stupid. Play safe you idiots.",-1
"Nice ult Enigma. That was a sick Black Hole. Keep it up, we can win this.",1
You are useless Luna. Switch lanes or just uninstall the game.,-1
I've got Mek ready. Let's group up and take a fight around 20 min.,1
You're all a bunch of noobs. Play better or just GG out.,-1
Good job team! Let's keep up the pressure on their T2 top.,1
This PA is the worst carry ever. Stop farming jungle and do something.,-1
"Hey team, glhf. Going safe lane as Drow. I'll buy the wards. Let's focus on getting that early Roshan. Missing top!.",1
"Mid, what are you doing? You're feeding. Get a BKB before you fight, dumbass. Honestly, you're a joke. We won't win like this, man.",-1
"Great job on that gank, Pudge. Keep up the pressure on mid. I'll stack the camp for you guys. Let's take the T1 tower next.",1
"Can you stop feeding, please? We’re losing because you can't play your hero. Just uninstall the game.",-1
Nice pick on their support. Good map awareness! Remember to use smoke before the next fight. Let's hit T2 top after.,1
"What the hell are you doing, Invoker? Stop KS-ing and use Sunstrike properly for once. You're the worst mid player.",-1
"Amazing ult, Crystal Maiden. Keep freezing them! I'll initiate first with Tidehunter. Let's win this game together.",1
"Fuck's sake, PA, you blinked into five of them alone. Have you lost your brain or what? Stop throwing the match already!",-1
"We had a rough start, but we can still win this. Keep calm and focus on farming until 30 min. We got this, team!",1
"Jesus Christ, pos 5, ever heard of warding? We're blind as bats here. You’re useless when we need vision.",-1
glhf team. Let's focus and win this. I'll play pos 5 and ward. Call out if anyone needs help.,1
gg guys. Nice job on securing the T1 mid. Let's keep the pressure on. Roshan is up soon.,1
"Hey team, make sure to stack the camps. It will help us get ahead in farm. Don't forget about runes as well.",1
"Good job at blocking that pull, offlane. Let's make sure we keep vision up. Any requests for wards?",1
"Nice kill mid, keep it up! Rotate when you have the chance and let's take their tower.",1
"Wtf Invoker. Stop feeding and focus, you're 0-5 already. We need a mid player, not a bot.",-1
"Could you stop being a dumbass and ward, Crystal Maiden? It's not that hard.",-1
Why the hell are you offlaning with Pudge? Are you trying to throw on purpose?,-1
"Are you fucking kidding me? Stop going solo, we need to group and push, stupid play.",-1
"You all play like shit. No map awareness whatsoever. Enjoy the loss, you earned it.",-1
"glhf team. I'll take safe lane with PA. remember to ward river please. we can do this, stay positive.",1
"Nice job securing first blood, guys. let's focus on objectives. Don't forget to stack the jungle for Sven.",1
gg well played everyone. remember to call missing next time. let's push T1 mid together.,1
Great Roshan call! Keep up the good work and watch for smoke ganks.,1
"I'll support as pos 5. Will buy wards and babysit carry. If you need anything, just shout.",1
"Why the hell are you feeding mid, Invoker? Stop being a useless piece of shit. Do something, worthless.",-1
"Seriously?! No bkb yet? Are you that fucking stupid, Troll? We’re losing ‘cause of you.",-1
"Pudge, can you land a hook for once? You're a fucking joke. Get a brain.",-1
"Nice KS, you greedy bastard. Learn to play as a team instead of stealing farm, bitch.",-1
"Unbelievable. Can't even hit a stun, you useless Lion. Get off my game, idiot.",-1
"Hey team, glhf. I'll take mid as Invoker and focus on getting early levels. Remember to ward rivers please. We got this.",1
"Can you stop feeding Crystal Maiden, you're making it impossible to win. Pudge, what the fuck are you doing. Learn to play.",-1
"Let's go for Roshan after this fight. I'll save my BKB for high ground push. Great job in the last fight everyone, keep it up!",1
Why is nobody warding? I've been buying wards the whole game. Stop being lazy useless pieces of shit. Uninstall!,-1
"Care bot, Spectre is missing. Good rotation top, we can push for T1 now.",1
"Pudge, if you miss one more hook I'm reporting you. Invoker, stop taking my farm you greedy asshole. Relearn the game.",-1
"Nice deny on mid tower. Let's try to deward their jungle next. We're doing well, just keep playing safe.",1
"You guys are such noobs, can't even last hit properly. Fuck this game. Why do I always get shitty teams like this.",-1
"Great teamfight guys, perfectly executed. Let's take advantage and push T2 mid. Amazing control with your skills, keep it up.",1
"Shit wards again, good job feeding them like that Pudge. We would've won easily if you weren't playing like trash.",-1
"gg ez. Why did you pick Invoker if you can't play him?. Wake up, pos 5, do your job and buy wards. My grandma plays better than our offlane. Fuck this shit, it's unwinnable.",-1
"Let's take Roshan next. Great job holding the line, Pudge! Remember to check Roshan timer. I'll get wards for our next push. Keep it up, guys!",1
"Are you seriously not going to rotate top?. Useless mid player. Our pos 4 is sleeping, it seems. What a bunch of losers. I can't carry this shit alone.",-1
"Good luck, have fun everyone. I'll secure top runes and get wards. Pudge, let's play aggressive. We can turn this around. Nice ult, Crystal!",1
"Fucking noob Invoker, learn your combos!. Why doesn't offlane ever TP to help?. This team is full of clowns. I'm done carrying you fools.",-1
"Nice save, Pudge. Let's push T2 mid after we win the next fight. Don't forget to keep our jungle warded. Amazing teamwork, folks!",1
"Nice ulti, Crystal Maiden. Stay positive, we can definitely win this. Remember to smoke before Roshan attempt. I'll purchase a gem for dewarding.",1
"Nice one, feeding their carry again. Why can't you just play safe?. I'm muting you useless noobs. Never saw such pathetic gameplay.",-1
"Early wards would help us control the map better. Let's focus on objectives. Invoker, your combos are on point! Keep those stuns coming, team.",1
"Fucking hell, buy a BKB you idiots. Are you all blind?. Just uninstall the game. I've never been stuck with such shit players before.",-1
"glhf team. I'll start with wards. Pudge in the offlane calling it now. Let's take Roshan after 15 min. Don't forget to deward, guys. Nice gank mid, good job Invoker.",1
"What the hell was that shit, Pudge? Why didn't you gank mid when I said? We're losing because of you. Stop feeding and play seriously. How hard is it to land a hook?",-1
"I'll pick Crystal Maiden and support. Wards are up, guys. If you need mana just call me. Let's protect T1 mid together. Great job on the last fight!",1
"Are you blind? I said I needed help top! Pudge, you're a fucking joke. Do you even know how to play this game? Already giving up at 10 min, useless.",-1
"Nice initiation with Blink, Sand King. Keep it up! Let's smoke and take them by surprise. I'll ward Roshan. BKB almost ready, we can push after.",1
You call yourself a carry? More like a fucking burden. Buy some damn control wards or we'll never win. Stop farming jungle and join the fights.,-1
"Just hold position, guys, we have the late game advantage. Good call on the safe lane push, Invoker. Let's regroup and make sure we defend high ground.",1
"How many times do I have to tell you to ward? It's not rocket science, you idiot. Get your head out of your ass and start playing properly.",-1
"I'm rotating to help secure the Runes at 10 min. Good cover, Pudge. Keep up the pressure on their offlane. Let's ensure that Roshan is always warded.",1
"You're such a dumbass, always the last to show up. Do you ever check the mini-map? This isn't my fault, it's yours for all this shit play.",-1
glhf team. I will go mid with Invoker. Make sure to ward the rune spots. Call missing if needed. Let’s have a good game.,1
"Pick a support and ward, you useless shit. Stop being so fucking greedy. How can you be so bad at this game?",-1
"Nice gank top, well done guys. I will rotate bottom to help control the lane. Keep up the good work.",1
"Can someone buy wards, or do I have to babysit you all game? What the hell are you doing?",-1
"Let's take Roshan after we push T1 mid. Great teamwork, keep the pressure up.",1
Where are the fucking wards? Do I have to ping a hundred times for you morons to do something?,-1
"Good job on getting the courier, Crystal Maiden. Stay safe while warding. We can win this.",1
"Such a noob team, why am I even playing with you idiots? Learn to play or quit this trash game.",-1
"I’ll TP bot to help defend. Nice stacking of the camps, that will help our carry a lot.",1
"You fucking lost mid, how can you feed Invoker so much? You're the worst mid player ever.",-1
glhf. Let's secure that first bounty rune. I'll take pos 4 CM. Good luck Invoker mid. call missing when you can.,1
"Yo, Pudge, stop feeding man. You're making the game hell for all of us. Just do your job.",-1
"Team, let's focus on objectives. We can take the Roshan while they're down. Good work so far.",1
"Can you stop picking fights, Morph? You're useless right now. Just farm, seriously. You're being such a noob.",-1
"We need more vision. Can someone get a ward near their jungle? Keep it up, guys!",1
WTF was that call on T1 bot? We lost the fight because you can't think straight. Screw this.,-1
"Hey, Spectre, well played on that escape. Let's keep the pressure on mid lane. We can do this!",1
"Are you even trying, Dazzle? It’s like you’re purposely losing this for us. Get your shit together.",-1
"Remember to farm safely, Luna. We can win this late game. Nice gank top earlier.",1
"Storm, you are absolutely trash. Uninstall the game. Total waste of a draft pick, smh.",-1
glhf team. Let's secure the bounties. I'll be playing mid with Invoker. Remember to communicate missing heroes. We got this!,1
"WARD PLEASE! How hard is it to buy a ward? Fucking useless. Lost us the game, nice job.",-1
"Nice Chrono Faceless Void! That was an awesome team fight. Keep up the great work, team!",1
"Damn it LC, why are you still jungling at 20 min? So fucking dumb.",-1
"Pudge, can you roam early? We need those hooks for easy kills. Don't worry, we're in this together.",1
Great early gank! Let's get the T1 mid. Watch out for their rotation!,1
"Fucking Invoker doesn't even know how to rotate. GG, easy loss. How are you this bad?",-1
Someone take Roshan soon. We have good vision. Awesome map control everyone!,1
"Are you blind? I said DON'T TP top, we needed you bot. Fucking listen next time.",-1
BKB next on Sven would be great. We could really use that for the next fight. Nice farm so far!,1
"glhf team. I'm playing offlane with Pudge. Let's focus on objectives. Please remember to ward the river. Call missing lanes, everyone!",1
"Yo Invoker you missed your Sun Strike again. Stop being such a shit player. Learn to land your skills, damn it. We're losing because of you!",-1
Ward the jungle guys. Let's take Roshan before 20 min. I'm going for BKB next on Juggernaut. We've got this!,1
"Hey Crystal Maiden how about a ward once in a while? You're completely useless without it. God, it's like I’m playing with a bot.",-1
"Let's go for a smoke gank. We can kill their carry in the jungle. Remember to stick together, team. We are doing great!",1
"Are you even trying, Sniper? Stop feeding and start contributing. Unbelievable how bad you are.",-1
"Guys, can we focus on pushing the T1 mid tower? I have a Blink Dagger now on Sand King, let's make some plays. Nice job everyone!",1
Can't believe this shit team. You all suck so much. Fucking terrible.,-1
Good job mid! Let's pressure the offlane now. I'll keep jungling and farm my next item. Keep up the great work!,1
"Fucking hell, Spectre! Buy wards for once. It's not that hard, you lazy ass.",-1
glhf team. I'll play pos 4 with Crystal Maiden. Let's secure early wards. Commend the support. Good luck at mid Invoker.,1
"Can you guys stop feeding? Seriously, this is shit. Pudge, what the fuck are you doing? Use the map, idiots.",-1
"Well played, Ursa. Nice job on taking Roshan. Keep it up. Remember to deward their jungle. BKB next, I think.",1
"For fuck's sake, Slark, stop diving. You're useless. We need wards, not your dumb plays. Get it together.",-1
"Ward the high ground, please. We can smoke gank near Rosh. POS 5, great vision coverage. Let's push T2 mid.",1
"Why the hell didn't you BKB, Void? Useless players. GG, enemies too dumb to win without our team feeding. Pudge, uninstall.",-1
"Great coordination on that team fight, guys. Keep up the synergy. I'll farm my Blink next. Pudge, nice hooks!",1
"Fucking hell, Nature's Prophet, stop farming and help. Useless piece of shit. Report Prophet, he’s throwing.",-1
"Invoker, fantastic Sun Strikes. Great catch on Juggernaut. Let's regen at fountain and push high ground smartly. GG moving in.",1
"What the actual fuck was that push? Idiots, learn positioning. Teamwork my ass. This PA is so bad, reported.",-1
glhf team. I'll take mid with Invoker. Let's secure the runes. Ward up please.,1
Fuck this team. Can't believe you guys lost the lane so hard. Why am I even trying?,-1
Great job guys. Let's focus on taking Roshan now. Push advantage after.,1
Are you fucking kidding me? Buy some goddamn wards you useless pos 5. Holy shit.,-1
Well played everyone. Nice rotations! Let's keep the pressure on their T2.,1
"BKB next please. We need it for the next fight. Amazing save, Crystal Maiden.",1
Why are you farming jungle? This isn't a fucking farm game. Play with the team!,-1
gg wp. Thanks for the match. Your support was really on point.,1
So useless. All lanes lost because you guys can't play safe. Just gg already.,-1
Good push top team. Make sure to ward their jungle. Let's look for picks.,1
"glhf guys. Let's make sure we ward the rune spots. I'm heading to mid with Invoker. If you need any help, let me know.",1
"Come on, stop feeding! This is such a joke. Learn to play your hero before queuing ranked. You're all a bunch of idiots.",-1
"Good job, team. Let's keep up the momentum. We should push T1 mid after the next wave. I can rotate top as well.",1
"Wow, can't even play a simple pos 5 properly. Are you fucking blind? Wards are not that expensive, damn it.",-1
"Careful, Crystal Maiden. They have vision in our jungle. Let me deward it. Great work securing Roshan, team.",1
"Stop freaking dying, dumbass! We lose this game if you keep this shit up. Are you playing with your eyes closed?",-1
"Nice pick off on Pudge! Let's capitalize on it and take the T2 tower. I love our synergy, guys.",1
How the fuck did you miss that stun? Do you even know your hero's abilities? Disgusting gameplay.,-1
"Let's smoke gank after I get my Blink. We can catch them off guard. Let's coordinate for maximum impact, team!",1
"We need vision, geniuses! Have you ever heard of placing wards? Our map is darker than my soul right now.",-1
glhf team. let's have a good game. I'll support as pos 5 Crystal Maiden. warding top rune spot.,1
gg guys. sorry for my bad plays. good luck next time. we fought well.,1
"nice rotation, mid. you're doing great with Invoker. keep it up and we will dominate this game.",1
"can anyone ward near Roshan pls? we're doing really well, let's keep the vision up.",1
good job shutting down their carry. let's take the T1 mid together after 20 min mark.,1
WTF are you guys doing?! stop feeding. can't carry this shit solo.,-1
"nice fucking job with the hooks, Pudge. why even bother playing if you can't hit a single one?",-1
"fucking hell, how many times do I have to ask for wards? this shit is ridiculous.",-1
"Unbelievable! Invoker, you're trash. learn to play your role or stay out of ranked.",-1
"Goddammit, team! can't you listen for one second? I'm pinging all day and you do nothing.",-1
glhf team. let's communicate and have fun. I can play pos 4 or 5. I'll buy the first set of wards. don't forget to call missings.,1
gg. noobs everywhere. why pick Crystal Maiden if you can't support properly. stop feeding and buy wards. such a waste of time.,-1
nice job on the first blood. let's keep that pressure mid. i'll rotate bot after 10 min and help push t1. gl team.,1
"wtf are you doing Pudge. stop going in 1v5. shit player, just uninstall. where's the support when you need them.",-1
great rotation Crystal Maiden. you saved my life with that clutch ultimate. keep it up. let’s take Roshan at 20 min.,1
"ffs Invoker, get some items before you start ganking. this team is shit, can't play seriously with these idiots.",-1
"hey, can we focus on objectives. after we take t1 mid, let's set up for Roshan. remember to dust if we go against Invis heroes.",1
could our pos 5 actually support. put some wards down. not that hard to play support. fucking useless.,-1
"thank you for that save in midlane. let's ward their jungle and sneak in for a Roshan attempt. everyone, great teamwork.",1
"damn, are you all braindead or what. Pudge, maybe land a hook once in a while. what a bunch of clowns.",-1
"glhf team. let's focus on having a good game. remember to ward and call missing mid. I'll be playing Crystal Maiden pos 5, so let me know if you need mana.",1
Great job on that Roshan team! Keep up the good coordination. I'm buying a smoke to surprise them. Let's push T2 mid after this. Keep the spirits high!,1
"Hey Invoker, nice sunstrikes this game. Keep it up. Pudge, can we get some wards on their jungle? Watch out for their BKB timings.",1
Let's make sure we've got vision control around Roshan. Pos 4 and I will buy some wards. Great teamwork so far. We can do this!,1
"Well played, everyone! That was an amazing defense. I'm building a pipe to help tank their magic damage. Keep communicating and we can take T1 mid next!",1
"WTF is wrong with our Invoker. seriously, SUNSTRIKE PLEASE! This is fucking ridiculous. Can we get some wards in this game? holy shit.",-1
"Pudge, what the hell are you doing? Stop feeding and play like you want to win! How are we supposed to carry your dead weight, huh?",-1
"Great, another useless team. Our offlane is a piece of shit and doesn't know how to play. GG, I'm done wasting my time here.",-1
"Oh sure, blame the support. How about the guys with 0 kills? DO YOUR JOBS! Maybe if our mid knew how to farm we'd have a chance.",-1
Fucking amazing! The enemy is at our T3 and our pos 1 is still farming jungle. UNBELIEVABLE. Do you even know how to play this game?,-1
glhf everyone. I'm heading mid as Invoker. Will need wards around 10 min. Let's push T1 mid together after.,1
"Can someone buy wards? I'm playing Weaver offlane. Be careful, Pudge is missing. Nice job taking Roshan, guys!",1
"Pre-horn check, guys. I'll support as pos 5, Crystal Maiden. Remember to call missing.",1
"Good work team! Let's aim for Roshan at 20 min. I'll keep an eye on the map, so ping if needed.",1
"Ward pls, I'm trying to keep the lane safe. Great teamwork on the mid push, keep it up!",1
Wtf is happening mid? How are you already feeding the Invoker so hard? Can we get a gank anytime soon?,-1
"This Pudge is a complete joke. GG already. Fucking useless team, buy some goddamn wards!",-1
"Are you seriously going BKB first on Luna? Unbelievable. Nice feeding, keep it up.",-1
"Wow, amazing play, Witch Doctor, not! Do you even know what pos 5 means? Get a clue.",-1
"Shit support, no wards the whole game. Why did I even queue for this crap? GG end it.",-1
good luck have fun. can someone ward top pls. i'll be playing pos 4 Lion. let's take Roshan after we win the next team fight.,1
"why are you guys playing like this. can we please stop feeding their carry. holy shit, get your items sorted. i'm going bot, screw this.",-1
pudge should roam more. i'll stack ancients for you juggernaut. watch out for ganks on mid. nice job securing first blood guys.,1
wtf are you doing mid. can't believe you lost the lane that hard. play safe or we're gonna lose. please listen and stop feeding.,-1
let's group up and take T1 mid. I'll save my Blink for initiation. anyone needs a smoke? keep up the great work.,1
"holy shit, stop diving under tower like idiots. i'm not gonna save your ass every time. learn how to play your role, it's pathetic.",-1
"invoker, great sunstrike earlier. let's keep up these rotations. i'm buying wards now. pos 5 here to support.",1
fucking unbelievable how stupid this team is. why is no one helping with Roshan. you guys are useless.,-1
chrono up in 20. get ready to combo. good call on the smoke gank. make sure to communicate more.,1
"why didn't you BKB, idiot. that's the third time you messed up. learn how to play the game or just uninstall it.",-1
"glhf team. pos 5 here, will ward river. push T1 mid after 10 min. let’s get Roshan at 20 min if possible. I am buying dust, let’s gank Invoker.",1
Can someone ward? I can't keep dying like this. What are you guys doing? Stop feeding. Get your shit together. Learn to play you idiots.,-1
"Nice stun Lion. Good job on that kill Crystal Maiden. Let's focus on objectives, not just kills. I'm going to farm jungle for my BKB.",1
"Why are you still bot when we're fighting mid? Get your brains checked. Fucking pos 4, do your job and ward.",-1
"Hey Pudge, good hooks! Keep it up. Remember to buy wards, team. Can we smoke gank after Roshan spawns?",1
"Wow, Invoker, great job missing every spell. Can you even play this game? Pos 3, stop feeding and get some farm! This is pathetic.",-1
"We need some vision in their jungle, please. Going to stack ancient. Let's try to secure our BKB timings before we push high ground.",1
"Stop blaming others and look at your own mess. Earthshaker, are you gonna Echo Slam in this game or just stand there? Useless team.",-1
"Good rotations, guys. I'm stacking camps, someone come farm it. Can I get a TP top, might get dove.",1
"GG, what a waste of time. Could you guys be any worse at this? Just go play another game, you freaking noobs.",-1
"glhf team. I'm going mid with Invoker. Remember to ward the river. Let's secure Roshan before 20 min. Great job holding the lanes, pos 5.",1
"GG Pudge, does your keyboard even work? How many hooks can you miss before you wake up? You're shit at landing hooks, seriously.",-1
"Nice push on the mid T1 tower, team. Let's keep the pressure up. Pos 4, keep those wards coming. Ready for Roshan?",1
"Jesus Christ, can you stop feeding offlane? It's not that hard, just play safe. We can't carry your dead weight.",-1
"Awesome foresight on the BKB build, Spectre. We can definitely turn this around. Don't forget to TP for the team fights, please.",1
"Hey Crystal Maiden, are you even paying attention? Stop acting like a dumbass and ward the map. Useless idiot.",-1
"Great gank, pos 4. We really needed that kill on their mid hero. Let's build on this momentum.",1
"Mid, you are such a fucking joke. That was the worst Invoker I've seen in ages. Just uninstall already.",-1
"Thanks for the save, pos 5. Let's keep it up and take their T2 bot next.",1
"WTF was that, Juggernaut? You call that an ult? Damn, you're pathetic. Go play something else.",-1
"glhf team. I'll be going mid as Tinker. Don't forget to buy wards. Group for Roshan at 20 min. Care for ganks, call missing. Let's do this!",1
"dude what the hell are you doing. stop feeding them, you're fucking useless. can't you play your role. learn to play pos 5 damn.",-1
"Nice start team, keep it up! I'll stack jungle for you. Pos 1, grab a BKB when you can. We got this, gg.",1
wow you guys are playing like shit. can't believe I'm stuck with this noob Invoker. learn to fucking last hit.,-1
"hey pos 4, can you ward around Roshan? I'll push bot. Good luck everyone, let's aim for that early T1 mid.",1
"seriously, you're using Pudge like crap. can't land a hook to save your life. you're a fucking joke man.",-1
"great job getting Roshan, team. keep eyes on the map. Crystal Maiden, nice support! Let's push top for now.",1
"are you even trying? your rotation sucks. stop being a loser and help the team, bitch.",-1
"Careful mid, enemy missing. Let's stun and smoke gank together. Keep calling out when you see them. Good teamwork!",1
"get your ass over here and stop dying, you're making it impossible to win. What an idiot. jesus.",-1
glhf everyone. I'll take mid with Storm Spirit. Please call missing. Remember to ward the river. Ready for a great game!,1
"Are you guys even trying? This is pathetic. Maybe uninstall if you can't play. Pudge, stop feeding. Useless team.",-1
I'm playing offlane with Timbersaw. Let's secure Roshan after 20 min. Awesome teamwork so far. Keep it up!,1
Good luck everyone! I'll babysit as pos 5 with Crystal Maiden. Remember to cover me for wards. Let's do this!,1
Can someone buy wards? I can't always do everything. Bunch of idiots. Typical dumbass players.,-1
"Wow, that was an amazing gank mid. Teamwork really rocks. I'll help push T1 mid with Pudge. gg guys.",1
"Invoker, wake up. You're sleeping or what? Play your damn role. Can't believe I'm stuck with you.",-1
Roshan in a few minutes. I'll grab BKB and Blink with Axe. Let's coordinate and win this! gj everyone.,1
Are you fucking kidding me? Why aren't we pushing? Why did I even queue with you guys. This is bullshit.,-1
"Pre-horn ward pls. I'll go bot with Juggernaut. Remember, communication is key. Good game so far!",1
glhf team. Let's play smart. I'll go mid with Invoker. Please call missing whenever possible. Don't forget wards guys.,1
"Can someone support top? Need wards on the rune as well. Good luck everyone, let's have a fun game!",1
Let's take Roshan after winning this fight. Nice job pos 5 on the wards. Keep it up team!,1
"Next step is to push T1 mid after we regroup. Crystal Maiden, great freezing field last fight, it helped a lot.",1
Awesome game so far guys. Don't forget to farm efficiently. We’re doing well around 20 min mark.,1
"Why nobody wards? Fucking useless team. How are we supposed to win like this, Pudge?",-1
"Holy shit, stop feeding already. Use your brain for once. This is pathetic, CM.",-1
"Can you idiots not see the map? Blink in and do something, Invoker. Seriously, wake up guys.",-1
"Wow, great job feeding the mid. Are you blind or just stupid? How the fuck do you keep dying?",-1
"You call that playing? It's more like trolling. Shit players everywhere. Fuck this match, honestly.",-1
"glhf everyone. I'm playing Crystal Maiden pos 5. Let's secure the wards and watch the map. Good luck mid, let's get that first blood. Communicate and stay positive!",1
"Can someone explain how we're losing to this noob Pudge. Why is nobody helping mid when I call missing. This is fucking ridiculous, stop feeding.",-1
"Nice job on the Roshan call! Let's keep the pressure on and push T2 mid. I'll buy more wards. Don't forget to use smokes, team!",1
"I swear if you don't stop following me around, we will lose this game. Do you understand how to play your role? Your picks are shit, step up.",-1
"GG well played everyone! Teamwork was great. Loved the rotations and Invoker, your combos were spot on. See you next game!",1
"Why in the hell would you pick that hero into their lineup? Have you ever played this game before? Ugh, un-fucking-believable.",-1
"Good start team, let's keep this momentum. If someone can help stacking camps, we'll snowball fast. I'll ward river, stay safe top.",1
"Yo dude, why are you even in this match? You clearly have zero clue what you're doing. You're making us all look like idiots, unbelievable.",-1
"Invoker, nice Sun Strikes. Let's group up and take T1 bot. Keep the communication clear, we got this!",1
"Fucking joke of a match. Why are we splitting up? Nobody listens, it's like playing with bots. Get it together or just quit.",-1
GLHF everyone. Let's focus and secure the early game. I'll be playing pos 5 Crystal Maiden. Remember to call missing and let's keep the chat positive.,1
Great job on the T1 tower guys. Keep up the pressure and let's not give them any breathing room. I'll send couriers for wards soon.,1
"Yo, pos 4, tank please. Don't feed the Pudge again. Are you even trying? This team is useless.",-1
"Nice rotations team! Well played mid, that gank timing was perfect. I'll manage the jungle in-between fights so we have more vision control.",1
"Wow, nice BKB timing Jugger! Let's finish them off at mid while we have the advantage. I'll keep the top lane pushed out.",1
"For fuck's sake, Invoker, quit dying solo! You think you're playing a solo game? This isn't a 1v5, stop feeding them shit.",-1
The enemy is at Roshan. Let's contest before they finish it. I'll smoke up and then we can initiate. Great teamwork everybody!,1
"Holy shit, how many times can you miss your hooks Pudge? Honestly, play something else if you're going to suck.",-1
"OMG Dazzle, can you actually play instead of just dying aimlessly? Unbelievable. Worst support I have ever seen. You're fucking trash.",-1
"Nice deny there, keep the pressure in the offlane. I'll stack some camps for our carry. Keep the wards up and communicate guys.",1
glhf all. Let's play safe and focus on objectives. I'll be playing pos 5 Crystal Maiden. Remember to call missing. We've got this.,1
"Why the fuck is nobody helping mid? Invoker, you're useless. Use your spells, moron. Ram it down mid or lose like a bitch. Open your eyes, dude.",-1
"Nice job with Roshan, guys. Remember to deward near Rosh. Let's keep the pressure on them and take T2 towers. We can win this!",1
"Who the hell didn't buy wards? We're blind as shit. Seriously, who messed up? Get your head in the game or FF. This is unbelievable.",-1
"Awesome gank top! Let's rotate and take T1 mid next. I'll TP bot to defend. Keep up the great work, everyone. Teamwork OP!",1
"Our pos 1 is a joke. 20 minutes and no BKB on PA? What are you even doing all game? Feed more, genius. You're deadweight.",-1
Good start with the early game farm. Keep securing farm and pushing lanes when we can. I'll bring more wards for vision control.,1
"What a load of crap! How the fuck did you miss that stun, Lion? Do you even have eyes? What a waste of space. We don't need you.",-1
"Don't worry about the early deaths, Juggernaut. Focus on farming your Battle Fury. We can make a comeback. Just believe in yourself!",1
"Pudge, you're such a useless piece of shit. Stop feeding and do something useful like leaving. GG, thanks for nothing.",-1
"glhf team. I am going mid as Invoker. Please buy wards when you can. Good luck getting those last hits, safe lane.",1
Can someone explain why Pudge is feeding? Stop dying you piece of shit. This is the worst team ever. Fuck this game.,-1
"Nice push on T1 mid, guys. Let's keep up this momentum. I'll buy a smoke so we can gank top.",1
Why the hell didn't you pick a support hero? We're going to fucking lose because of you.,-1
"Hey guys, great job in the last teamfight! Let's try to secure Roshan in 10 minutes. We got this!",1
"Crystal Maiden, can you please ward? We really need vision. Thanks for the help.",1
"Why didn't anyone call missing? Are you all blind? Get your shit together, team.",-1
Your Invoker play is a joke. Ever heard of a spell combo? You're useless. Uninstall DOTA.,-1
I'll play pos 5 and start with wards. Let's try to keep our lanes pushed. Glhf everyone!,1
"Fuck this. You don't know how to play Pudge. Stop feeding and just quit already, bitch.",-1
glhf team. let's make sure to ward for rune control. I'll be going mid with Invoker. good luck everyone.,1
"wtf are you guys doing? like seriously, learn to fucking gank. this shit is pathetic. can't believe I have to carry this team again.",-1
nice job securing Roshan. let's push T2 mid. I'm bringing smoke for a gank. keep up the good work!,1
"can someone PLEASE ward the jungle? it's like I'm playing with blind bats. come on, this isn't that hard.",-1
"awesome ult, Witch Doctor! that was beautiful. let's keep the pressure on and take their towers.",1
"Pudge, learn to hook you useless piece of crap. how many more hooks are you gonna miss? this is embarrassing.",-1
"great defensive play, team. let's push their racks while they respawn. keep up the solid teamwork!",1
are you all fucking brain dead? why are you farming jungle when we need to defend high ground? wake up!,-1
"perfect rotations guys, this is how we do it! loving the synergy. let's secure another Roshan before they do.",1
"really, Juggernaut? you're just gonna split push while we're all dead? so much for teamwork, you selfish fuck.",-1
glhf team. I'll go mid with Invoker. Please call missing heroes. Let's focus on getting Roshan at 20 min.,1
"Good luck, have fun everyone. I'll support as Crystal Maiden. Remember to buy wards and deward.",1
"Pudge, nice hook earlier. Keep up the good work. Let's push T1 bot after we win a fight.",1
"Great job team! Pudge, you landed some amazing hooks. Let's group and finish this game strong.",1
I'll play pos 5. Dropping wards in the jungle. Let's control the map and keep vision on Roshan.,1
"FFS, keep feeding more kills, why not? We would have been better off without you, Invoker.",-1
"Why the fuck would you pick Pudge and feed? Can't even land a single hook, pathetic.",-1
"OMG, learn to play! Stop dying solo! What a joke, can you even see the minimap?",-1
"Nice throw, moron. You were supposed to gank mid but you just farm like a braindead idiot. GG.",-1
"Thanks for ruining the game, asshole. Go back to bot games, you're clueless!",-1
"glhf everyone. I'll go mid with Invoker. Let's rotate for Roshan after 20 min. Don't forget to place wards, especially around T1 mid.",1
OMG Pudge can you stop feeding already. We lost mid because you can’t play. At least buy a fucking ward.,-1
"Careful top, they're missing. Good control of the map guys. I'll stack the ancients when I respawn.",1
"Hey pos 5, maybe next time you can actually support instead of watching me get killed. Just uninstall the game, you'd be doing us a favor.",-1
Nice work team! Push for T1 mid now. Let's try to take Roshan after we clear the next wave.,1
"Holy shit, that was the worst Legion commander I've ever seen. Ever considered a new hero? You're dragging us down big time.",-1
"Can someone ward the jungle please? We need vision. Also, great job on the last team fight!",1
"Invoker, it's past 30 min and you still haven't built BKB? Are you serious? We can't carry dead weight.",-1
"Crystal Maiden, thanks for the aura. Can you ward near the river when you get a moment? Every little bit helps us win.",1
"You call that a gank, Juggernaut? You just keep dying like a moron. Maybe rethink your decision to play core.",-1
glhf. I'll take mid as Invoker. Don't forget to ward top rune. Let's secure Roshan when we hit 20 min. Great job team.,1
CAN YOU STOP FEEDING ALREADY? It's not hard to play safe. We need vision at Roshan and you just run there to die? Useless.,-1
Well played everyone. That was a clutch save by the Crystal Maiden. Let's focus on objectives now. Push T2 mid maybe?,1
"Why are you even in this game? Seriously, uninstall. You can't even play your role. Wish we had a real pos 5.",-1
Nice hook Pudge! We can push now with that pick off. Remember to buy detection for enemy wards.,1
"WTF is this team doing?? We said defend T1 mid and y'all just ignore it. Learn to play your roles right, idiots.",-1
Good rotation offlane! We turned that fight around. Let's keep the pressure on their mid tower now.,1
"Seriously Invoker, you missed all your spells again? Are you brain-dead? Just stop playing if you can't handle it.",-1
"Hey team, great job in the last fight! Let's keep up the momentum. Don't forget to deward their jungle.",1
"FUCK THIS SHIT, we lost because of you noobs. Every fucking time can't trust team to carry their weight.",-1
